,index,start_interval,price(EUR/MWh),price(EUR/KWh),date,day,hour,weekday,days_for_aggregation
0,143,2019-01-07 00:00:00,51.89,0.05189,2019-01-07,0,0,0,-1
1,144,2019-01-07 01:00:00,46.03,0.04603,2019-01-07,0,1,0,-1
2,145,2019-01-07 02:00:00,47.98,0.047979999999999995,2019-01-07,0,2,0,-1
3,146,2019-01-07 03:00:00,47.84,0.04784,2019-01-07,0,3,0,-1
4,147,2019-01-07 04:00:00,46.11,0.04611,2019-01-07,0,4,0,-1
5,148,2019-01-07 05:00:00,46.08,0.046079999999999996,2019-01-07,0,5,0,-1
6,149,2019-01-07 06:00:00,47.62,0.047619999999999996,2019-01-07,0,6,0,-1
7,150,2019-01-07 07:00:00,55.77,0.05577,2019-01-07,0,7,0,-1
8,151,2019-01-07 08:00:00,68.61,0.06861,2019-01-07,0,8,0,-1
9,152,2019-01-07 09:00:00,74.15,0.07415000000000001,2019-01-07,0,9,0,-1
10,153,2019-01-07 10:00:00,74.93,0.07493000000000001,2019-01-07,0,10,0,-1
11,154,2019-01-07 11:00:00,73.59,0.07359,2019-01-07,0,11,0,-1
12,155,2019-01-07 12:00:00,71.23,0.07123,2019-01-07,0,12,0,-1
13,156,2019-01-07 13:00:00,67.27,0.06727,2019-01-07,0,13,0,-1
14,157,2019-01-07 14:00:00,65.14,0.06514,2019-01-07,0,14,0,-1
15,158,2019-01-07 15:00:00,62.56,0.06256,2019-01-07,0,15,0,-1
16,159,2019-01-07 16:00:00,57.56,0.05756,2019-01-07,0,16,0,-1
17,160,2019-01-07 17:00:00,56.99,0.05699,2019-01-07,0,17,0,-1
18,161,2019-01-07 18:00:00,72.82,0.07282,2019-01-07,0,18,0,-1
19,162,2019-01-07 19:00:00,52.89,0.05289,2019-01-07,0,19,0,-1
20,163,2019-01-07 20:00:00,50.0,0.05,2019-01-07,0,20,0,-1
21,164,2019-01-07 21:00:00,51.0,0.051,2019-01-07,0,21,0,-1
22,165,2019-01-07 22:00:00,49.0,0.049,2019-01-07,0,22,0,-1
23,166,2019-01-07 23:00:00,47.54,0.04754,2019-01-07,0,23,0,-1
24,167,2019-01-08 00:00:00,44.4,0.0444,2019-01-08,1,0,1,0
25,168,2019-01-08 01:00:00,36.7,0.0367,2019-01-08,1,1,1,0
26,169,2019-01-08 02:00:00,45.56,0.04556,2019-01-08,1,2,1,0
27,170,2019-01-08 03:00:00,39.0,0.039,2019-01-08,1,3,1,0
28,171,2019-01-08 04:00:00,40.0,0.04,2019-01-08,1,4,1,0
29,172,2019-01-08 05:00:00,32.8,0.032799999999999996,2019-01-08,1,5,1,0
30,173,2019-01-08 06:00:00,43.0,0.043,2019-01-08,1,6,1,0
31,174,2019-01-08 07:00:00,53.96,0.05396,2019-01-08,1,7,1,0
32,175,2019-01-08 08:00:00,53.0,0.053,2019-01-08,1,8,1,0
33,176,2019-01-08 09:00:00,59.8,0.0598,2019-01-08,1,9,1,0
34,177,2019-01-08 10:00:00,60.1,0.0601,2019-01-08,1,10,1,0
35,178,2019-01-08 11:00:00,55.89,0.05589,2019-01-08,1,11,1,0
36,179,2019-01-08 12:00:00,53.48,0.05348,2019-01-08,1,12,1,0
37,180,2019-01-08 13:00:00,48.7,0.0487,2019-01-08,1,13,1,0
38,181,2019-01-08 14:00:00,49.01,0.04901,2019-01-08,1,14,1,0
39,182,2019-01-08 15:00:00,52.38,0.05238,2019-01-08,1,15,1,0
40,183,2019-01-08 16:00:00,52.37,0.05237,2019-01-08,1,16,1,0
41,184,2019-01-08 17:00:00,52.84,0.052840000000000005,2019-01-08,1,17,1,0
42,185,2019-01-08 18:00:00,78.24,0.07823999999999999,2019-01-08,1,18,1,0
43,186,2019-01-08 19:00:00,52.29,0.052289999999999996,2019-01-08,1,19,1,0
44,187,2019-01-08 20:00:00,48.38,0.04838,2019-01-08,1,20,1,0
45,188,2019-01-08 21:00:00,50.1,0.0501,2019-01-08,1,21,1,0
46,189,2019-01-08 22:00:00,51.12,0.05112,2019-01-08,1,22,1,0
47,190,2019-01-08 23:00:00,50.66,0.05066,2019-01-08,1,23,1,0
48,191,2019-01-09 00:00:00,46.72,0.04672,2019-01-09,2,0,2,1
49,192,2019-01-09 01:00:00,42.6,0.0426,2019-01-09,2,1,2,1
50,193,2019-01-09 02:00:00,39.5,0.0395,2019-01-09,2,2,2,1
51,194,2019-01-09 03:00:00,37.0,0.037,2019-01-09,2,3,2,1
52,195,2019-01-09 04:00:00,42.4,0.0424,2019-01-09,2,4,2,1
53,196,2019-01-09 05:00:00,36.42,0.03642,2019-01-09,2,5,2,1
54,197,2019-01-09 06:00:00,42.0,0.042,2019-01-09,2,6,2,1
55,198,2019-01-09 07:00:00,50.63,0.05063,2019-01-09,2,7,2,1
56,199,2019-01-09 08:00:00,57.51,0.05751,2019-01-09,2,8,2,1
57,200,2019-01-09 09:00:00,66.69,0.06669,2019-01-09,2,9,2,1
58,201,2019-01-09 10:00:00,65.9,0.0659,2019-01-09,2,10,2,1
59,202,2019-01-09 11:00:00,68.2,0.0682,2019-01-09,2,11,2,1
60,203,2019-01-09 12:00:00,54.0,0.054,2019-01-09,2,12,2,1
61,204,2019-01-09 13:00:00,51.09,0.05109,2019-01-09,2,13,2,1
62,205,2019-01-09 14:00:00,50.1,0.0501,2019-01-09,2,14,2,1
63,206,2019-01-09 15:00:00,52.56,0.05256,2019-01-09,2,15,2,1
64,207,2019-01-09 16:00:00,53.95,0.053950000000000005,2019-01-09,2,16,2,1
65,208,2019-01-09 17:00:00,64.37,0.06437000000000001,2019-01-09,2,17,2,1
66,209,2019-01-09 18:00:00,75.64,0.07564,2019-01-09,2,18,2,1
67,210,2019-01-09 19:00:00,74.22,0.07422,2019-01-09,2,19,2,1
68,211,2019-01-09 20:00:00,55.98,0.055979999999999995,2019-01-09,2,20,2,1
69,212,2019-01-09 21:00:00,54.73,0.054729999999999994,2019-01-09,2,21,2,1
70,213,2019-01-09 22:00:00,50.02,0.05002,2019-01-09,2,22,2,1
71,214,2019-01-09 23:00:00,52.64,0.05264,2019-01-09,2,23,2,1
72,215,2019-01-10 00:00:00,50.31,0.05031,2019-01-10,3,0,3,2
73,216,2019-01-10 01:00:00,51.07,0.05107,2019-01-10,3,1,3,2
74,217,2019-01-10 02:00:00,49.61,0.04961,2019-01-10,3,2,3,2
75,218,2019-01-10 03:00:00,48.63,0.04863,2019-01-10,3,3,3,2
76,219,2019-01-10 04:00:00,48.8,0.048799999999999996,2019-01-10,3,4,3,2
77,220,2019-01-10 05:00:00,48.5,0.0485,2019-01-10,3,5,3,2
78,221,2019-01-10 06:00:00,49.8,0.0498,2019-01-10,3,6,3,2
79,222,2019-01-10 07:00:00,59.29,0.05929,2019-01-10,3,7,3,2
80,223,2019-01-10 08:00:00,72.6,0.0726,2019-01-10,3,8,3,2
81,224,2019-01-10 09:00:00,81.17,0.08117,2019-01-10,3,9,3,2
82,225,2019-01-10 10:00:00,81.79,0.08179,2019-01-10,3,10,3,2
83,226,2019-01-10 11:00:00,81.15,0.08115,2019-01-10,3,11,3,2
84,227,2019-01-10 12:00:00,80.0,0.08,2019-01-10,3,12,3,2
85,228,2019-01-10 13:00:00,76.39,0.07639,2019-01-10,3,13,3,2
86,229,2019-01-10 14:00:00,75.0,0.075,2019-01-10,3,14,3,2
87,230,2019-01-10 15:00:00,76.06,0.07606,2019-01-10,3,15,3,2
88,231,2019-01-10 16:00:00,75.4,0.07540000000000001,2019-01-10,3,16,3,2
89,232,2019-01-10 17:00:00,76.78,0.07678,2019-01-10,3,17,3,2
90,233,2019-01-10 18:00:00,83.45,0.08345,2019-01-10,3,18,3,2
91,234,2019-01-10 19:00:00,85.15,0.08515,2019-01-10,3,19,3,2
92,235,2019-01-10 20:00:00,78.16,0.07816,2019-01-10,3,20,3,2
93,236,2019-01-10 21:00:00,71.92,0.07192,2019-01-10,3,21,3,2
94,237,2019-01-10 22:00:00,67.25,0.06725,2019-01-10,3,22,3,2
95,238,2019-01-10 23:00:00,62.04,0.06204,2019-01-10,3,23,3,2
96,239,2019-01-11 00:00:00,51.07,0.05107,2019-01-11,4,0,4,3
97,240,2019-01-11 01:00:00,46.0,0.046,2019-01-11,4,1,4,3
98,241,2019-01-11 02:00:00,44.2,0.0442,2019-01-11,4,2,4,3
99,242,2019-01-11 03:00:00,45.43,0.04543,2019-01-11,4,3,4,3
100,243,2019-01-11 04:00:00,46.42,0.04642,2019-01-11,4,4,4,3
101,244,2019-01-11 05:00:00,45.0,0.045,2019-01-11,4,5,4,3
102,245,2019-01-11 06:00:00,43.5,0.0435,2019-01-11,4,6,4,3
103,246,2019-01-11 07:00:00,50.0,0.05,2019-01-11,4,7,4,3
104,247,2019-01-11 08:00:00,54.78,0.05478,2019-01-11,4,8,4,3
105,248,2019-01-11 09:00:00,60.02,0.060020000000000004,2019-01-11,4,9,4,3
106,249,2019-01-11 10:00:00,69.96,0.06996,2019-01-11,4,10,4,3
107,250,2019-01-11 11:00:00,70.27,0.07027,2019-01-11,4,11,4,3
108,251,2019-01-11 12:00:00,71.33,0.07133,2019-01-11,4,12,4,3
109,252,2019-01-11 13:00:00,53.61,0.05361,2019-01-11,4,13,4,3
110,253,2019-01-11 14:00:00,52.48,0.05248,2019-01-11,4,14,4,3
111,254,2019-01-11 15:00:00,50.96,0.05096,2019-01-11,4,15,4,3
112,255,2019-01-11 16:00:00,50.69,0.05069,2019-01-11,4,16,4,3
113,256,2019-01-11 17:00:00,51.17,0.05117,2019-01-11,4,17,4,3
114,257,2019-01-11 18:00:00,65.0,0.065,2019-01-11,4,18,4,3
115,258,2019-01-11 19:00:00,52.11,0.05211,2019-01-11,4,19,4,3
116,259,2019-01-11 20:00:00,51.28,0.05128,2019-01-11,4,20,4,3
117,260,2019-01-11 21:00:00,51.17,0.05117,2019-01-11,4,21,4,3
118,261,2019-01-11 22:00:00,47.37,0.047369999999999995,2019-01-11,4,22,4,3
119,262,2019-01-11 23:00:00,46.45,0.046450000000000005,2019-01-11,4,23,4,3
120,263,2019-01-12 00:00:00,45.88,0.045880000000000004,2019-01-12,5,0,5,4
121,264,2019-01-12 01:00:00,46.8,0.046799999999999994,2019-01-12,5,1,5,4
122,265,2019-01-12 02:00:00,46.48,0.046479999999999994,2019-01-12,5,2,5,4
123,266,2019-01-12 03:00:00,49.0,0.049,2019-01-12,5,3,5,4
124,267,2019-01-12 04:00:00,43.69,0.04369,2019-01-12,5,4,5,4
125,268,2019-01-12 05:00:00,46.27,0.046270000000000006,2019-01-12,5,5,5,4
126,269,2019-01-12 06:00:00,42.6,0.0426,2019-01-12,5,6,5,4
127,270,2019-01-12 07:00:00,42.98,0.04298,2019-01-12,5,7,5,4
128,271,2019-01-12 08:00:00,50.99,0.05099,2019-01-12,5,8,5,4
129,272,2019-01-12 09:00:00,54.5,0.0545,2019-01-12,5,9,5,4
130,273,2019-01-12 10:00:00,62.11,0.06211,2019-01-12,5,10,5,4
131,274,2019-01-12 11:00:00,65.0,0.065,2019-01-12,5,11,5,4
132,275,2019-01-12 12:00:00,64.01,0.06401000000000001,2019-01-12,5,12,5,4
133,276,2019-01-12 13:00:00,51.98,0.05198,2019-01-12,5,13,5,4
134,277,2019-01-12 14:00:00,49.0,0.049,2019-01-12,5,14,5,4
135,278,2019-01-12 15:00:00,51.75,0.05175,2019-01-12,5,15,5,4
136,279,2019-01-12 16:00:00,52.5,0.0525,2019-01-12,5,16,5,4
137,280,2019-01-12 17:00:00,52.81,0.05281,2019-01-12,5,17,5,4
138,281,2019-01-12 18:00:00,59.47,0.05947,2019-01-12,5,18,5,4
139,282,2019-01-12 19:00:00,49.9,0.0499,2019-01-12,5,19,5,4
140,283,2019-01-12 20:00:00,49.59,0.04959,2019-01-12,5,20,5,4
141,284,2019-01-12 21:00:00,48.42,0.048420000000000005,2019-01-12,5,21,5,4
142,285,2019-01-12 22:00:00,49.0,0.049,2019-01-12,5,22,5,4
143,286,2019-01-12 23:00:00,47.58,0.04758,2019-01-12,5,23,5,4
144,287,2019-01-13 00:00:00,47.55,0.047549999999999995,2019-01-13,6,0,6,5
145,288,2019-01-13 01:00:00,52.4,0.052399999999999995,2019-01-13,6,1,6,5
146,289,2019-01-13 02:00:00,47.93,0.04793,2019-01-13,6,2,6,5
147,290,2019-01-13 03:00:00,43.44,0.04344,2019-01-13,6,3,6,5
148,291,2019-01-13 04:00:00,33.48,0.033479999999999996,2019-01-13,6,4,6,5
149,292,2019-01-13 05:00:00,34.63,0.03463,2019-01-13,6,5,6,5
150,293,2019-01-13 06:00:00,34.63,0.03463,2019-01-13,6,6,6,5
151,294,2019-01-13 07:00:00,28.97,0.02897,2019-01-13,6,7,6,5
152,295,2019-01-13 08:00:00,40.0,0.04,2019-01-13,6,8,6,5
153,296,2019-01-13 09:00:00,38.3,0.038299999999999994,2019-01-13,6,9,6,5
154,297,2019-01-13 10:00:00,47.33,0.04733,2019-01-13,6,10,6,5
155,298,2019-01-13 11:00:00,48.8,0.048799999999999996,2019-01-13,6,11,6,5
156,299,2019-01-13 12:00:00,51.5,0.0515,2019-01-13,6,12,6,5
157,300,2019-01-13 13:00:00,51.52,0.05152,2019-01-13,6,13,6,5
158,301,2019-01-13 14:00:00,50.99,0.05099,2019-01-13,6,14,6,5
159,302,2019-01-13 15:00:00,50.0,0.05,2019-01-13,6,15,6,5
160,303,2019-01-13 16:00:00,50.84,0.05084,2019-01-13,6,16,6,5
161,304,2019-01-13 17:00:00,51.82,0.05182,2019-01-13,6,17,6,5
162,305,2019-01-13 18:00:00,72.5,0.0725,2019-01-13,6,18,6,5
163,306,2019-01-13 19:00:00,51.55,0.05155,2019-01-13,6,19,6,5
164,307,2019-01-13 20:00:00,51.73,0.05173,2019-01-13,6,20,6,5
165,308,2019-01-13 21:00:00,48.28,0.04828,2019-01-13,6,21,6,5
166,309,2019-01-13 22:00:00,47.61,0.04761,2019-01-13,6,22,6,5
167,310,2019-01-13 23:00:00,45.1,0.0451,2019-01-13,6,23,6,5
168,311,2019-01-14 00:00:00,42.2,0.0422,2019-01-14,0,0,0,6
169,312,2019-01-14 01:00:00,46.52,0.046520000000000006,2019-01-14,0,1,0,6
170,313,2019-01-14 02:00:00,42.4,0.0424,2019-01-14,0,2,0,6
171,314,2019-01-14 03:00:00,46.48,0.046479999999999994,2019-01-14,0,3,0,6
172,315,2019-01-14 04:00:00,46.37,0.046369999999999995,2019-01-14,0,4,0,6
173,316,2019-01-14 05:00:00,45.0,0.045,2019-01-14,0,5,0,6
174,317,2019-01-14 06:00:00,46.67,0.04667,2019-01-14,0,6,0,6
175,318,2019-01-14 07:00:00,50.41,0.050409999999999996,2019-01-14,0,7,0,6
176,319,2019-01-14 08:00:00,58.0,0.058,2019-01-14,0,8,0,6
177,320,2019-01-14 09:00:00,63.14,0.06314,2019-01-14,0,9,0,6
178,321,2019-01-14 10:00:00,66.3,0.0663,2019-01-14,0,10,0,6
179,322,2019-01-14 11:00:00,65.5,0.0655,2019-01-14,0,11,0,6
180,323,2019-01-14 12:00:00,51.94,0.05194,2019-01-14,0,12,0,6
181,324,2019-01-14 13:00:00,48.3,0.048299999999999996,2019-01-14,0,13,0,6
182,325,2019-01-14 14:00:00,51.57,0.05157,2019-01-14,0,14,0,6
183,326,2019-01-14 15:00:00,51.73,0.05173,2019-01-14,0,15,0,6
184,327,2019-01-14 16:00:00,62.12,0.062119999999999995,2019-01-14,0,16,0,6
185,328,2019-01-14 17:00:00,65.17,0.06517,2019-01-14,0,17,0,6
186,329,2019-01-14 18:00:00,85.74,0.08574,2019-01-14,0,18,0,6
187,330,2019-01-14 19:00:00,63.14,0.06314,2019-01-14,0,19,0,6
188,331,2019-01-14 20:00:00,56.0,0.056,2019-01-14,0,20,0,6
189,332,2019-01-14 21:00:00,52.14,0.05214,2019-01-14,0,21,0,6
190,333,2019-01-14 22:00:00,55.0,0.055,2019-01-14,0,22,0,6
191,334,2019-01-14 23:00:00,51.68,0.05168,2019-01-14,0,23,0,6
192,335,2019-01-15 00:00:00,47.43,0.04743,2019-01-15,1,0,1,7
193,336,2019-01-15 01:00:00,46.67,0.04667,2019-01-15,1,1,1,7
194,337,2019-01-15 02:00:00,42.0,0.042,2019-01-15,1,2,1,7
195,338,2019-01-15 03:00:00,38.3,0.038299999999999994,2019-01-15,1,3,1,7
196,339,2019-01-15 04:00:00,36.0,0.036,2019-01-15,1,4,1,7
197,340,2019-01-15 05:00:00,42.2,0.0422,2019-01-15,1,5,1,7
198,341,2019-01-15 06:00:00,44.3,0.0443,2019-01-15,1,6,1,7
199,342,2019-01-15 07:00:00,47.4,0.0474,2019-01-15,1,7,1,7
200,343,2019-01-15 08:00:00,57.45,0.05745,2019-01-15,1,8,1,7
201,344,2019-01-15 09:00:00,62.36,0.06236,2019-01-15,1,9,1,7
202,345,2019-01-15 10:00:00,61.72,0.06172,2019-01-15,1,10,1,7
203,346,2019-01-15 11:00:00,60.2,0.060200000000000004,2019-01-15,1,11,1,7
204,347,2019-01-15 12:00:00,56.82,0.05682,2019-01-15,1,12,1,7
205,348,2019-01-15 13:00:00,55.7,0.0557,2019-01-15,1,13,1,7
206,349,2019-01-15 14:00:00,54.9,0.0549,2019-01-15,1,14,1,7
207,350,2019-01-15 15:00:00,54.37,0.054369999999999995,2019-01-15,1,15,1,7
208,351,2019-01-15 16:00:00,52.12,0.05212,2019-01-15,1,16,1,7
209,352,2019-01-15 17:00:00,55.0,0.055,2019-01-15,1,17,1,7
210,353,2019-01-15 18:00:00,62.8,0.0628,2019-01-15,1,18,1,7
211,354,2019-01-15 19:00:00,50.86,0.05086,2019-01-15,1,19,1,7
212,355,2019-01-15 20:00:00,51.07,0.05107,2019-01-15,1,20,1,7
213,356,2019-01-15 21:00:00,50.82,0.05082,2019-01-15,1,21,1,7
214,357,2019-01-15 22:00:00,49.99,0.04999,2019-01-15,1,22,1,7
215,358,2019-01-15 23:00:00,48.79,0.04879,2019-01-15,1,23,1,7
216,359,2019-01-16 00:00:00,47.1,0.0471,2019-01-16,2,0,2,8
217,360,2019-01-16 01:00:00,41.6,0.0416,2019-01-16,2,1,2,8
218,361,2019-01-16 02:00:00,38.3,0.038299999999999994,2019-01-16,2,2,2,8
219,362,2019-01-16 03:00:00,44.2,0.0442,2019-01-16,2,3,2,8
220,363,2019-01-16 04:00:00,42.1,0.0421,2019-01-16,2,4,2,8
221,364,2019-01-16 05:00:00,39.7,0.039700000000000006,2019-01-16,2,5,2,8
222,365,2019-01-16 06:00:00,39.0,0.039,2019-01-16,2,6,2,8
223,366,2019-01-16 07:00:00,46.63,0.046630000000000005,2019-01-16,2,7,2,8
224,367,2019-01-16 08:00:00,60.05,0.06005,2019-01-16,2,8,2,8
225,368,2019-01-16 09:00:00,63.14,0.06314,2019-01-16,2,9,2,8
226,369,2019-01-16 10:00:00,60.2,0.060200000000000004,2019-01-16,2,10,2,8
227,370,2019-01-16 11:00:00,56.01,0.05601,2019-01-16,2,11,2,8
228,371,2019-01-16 12:00:00,56.74,0.05674,2019-01-16,2,12,2,8
229,372,2019-01-16 13:00:00,54.0,0.054,2019-01-16,2,13,2,8
230,373,2019-01-16 14:00:00,52.69,0.05269,2019-01-16,2,14,2,8
231,374,2019-01-16 15:00:00,55.32,0.05532,2019-01-16,2,15,2,8
232,375,2019-01-16 16:00:00,53.72,0.05372,2019-01-16,2,16,2,8
233,376,2019-01-16 17:00:00,60.39,0.06039,2019-01-16,2,17,2,8
234,377,2019-01-16 18:00:00,63.1,0.0631,2019-01-16,2,18,2,8
235,378,2019-01-16 19:00:00,52.67,0.05267,2019-01-16,2,19,2,8
236,379,2019-01-16 20:00:00,50.92,0.05092,2019-01-16,2,20,2,8
237,380,2019-01-16 21:00:00,49.7,0.0497,2019-01-16,2,21,2,8
238,381,2019-01-16 22:00:00,49.5,0.0495,2019-01-16,2,22,2,8
239,382,2019-01-16 23:00:00,48.08,0.04808,2019-01-16,2,23,2,8
240,383,2019-01-17 00:00:00,48.2,0.0482,2019-01-17,3,0,3,9
241,384,2019-01-17 01:00:00,48.6,0.048600000000000004,2019-01-17,3,1,3,9
242,385,2019-01-17 02:00:00,46.6,0.0466,2019-01-17,3,2,3,9
243,386,2019-01-17 03:00:00,46.9,0.0469,2019-01-17,3,3,3,9
244,387,2019-01-17 04:00:00,46.76,0.046759999999999996,2019-01-17,3,4,3,9
245,388,2019-01-17 05:00:00,46.94,0.046939999999999996,2019-01-17,3,5,3,9
246,389,2019-01-17 06:00:00,48.6,0.048600000000000004,2019-01-17,3,6,3,9
247,390,2019-01-17 07:00:00,54.58,0.05458,2019-01-17,3,7,3,9
248,391,2019-01-17 08:00:00,63.55,0.06355,2019-01-17,3,8,3,9
249,392,2019-01-17 09:00:00,68.66,0.06866,2019-01-17,3,9,3,9
250,393,2019-01-17 10:00:00,69.85,0.06985,2019-01-17,3,10,3,9
251,394,2019-01-17 11:00:00,64.9,0.0649,2019-01-17,3,11,3,9
252,395,2019-01-17 12:00:00,65.57,0.06556999999999999,2019-01-17,3,12,3,9
253,396,2019-01-17 13:00:00,59.0,0.059,2019-01-17,3,13,3,9
254,397,2019-01-17 14:00:00,56.27,0.05627,2019-01-17,3,14,3,9
255,398,2019-01-17 15:00:00,56.81,0.05681,2019-01-17,3,15,3,9
256,399,2019-01-17 16:00:00,57.75,0.05775,2019-01-17,3,16,3,9
257,400,2019-01-17 17:00:00,59.32,0.05932,2019-01-17,3,17,3,9
258,401,2019-01-17 18:00:00,79.44,0.07944,2019-01-17,3,18,3,9
259,402,2019-01-17 19:00:00,56.88,0.05688,2019-01-17,3,19,3,9
260,403,2019-01-17 20:00:00,53.85,0.05385,2019-01-17,3,20,3,9
261,404,2019-01-17 21:00:00,50.0,0.05,2019-01-17,3,21,3,9
262,405,2019-01-17 22:00:00,51.06,0.05106,2019-01-17,3,22,3,9
263,406,2019-01-17 23:00:00,47.4,0.0474,2019-01-17,3,23,3,9
264,407,2019-01-18 00:00:00,50.57,0.05057,2019-01-18,4,0,4,10
265,408,2019-01-18 01:00:00,53.9,0.053899999999999997,2019-01-18,4,1,4,10
266,409,2019-01-18 02:00:00,49.66,0.049659999999999996,2019-01-18,4,2,4,10
267,410,2019-01-18 03:00:00,48.52,0.04852,2019-01-18,4,3,4,10
268,411,2019-01-18 04:00:00,48.54,0.04854,2019-01-18,4,4,4,10
269,412,2019-01-18 05:00:00,48.5,0.0485,2019-01-18,4,5,4,10
270,413,2019-01-18 06:00:00,51.85,0.05185,2019-01-18,4,6,4,10
271,414,2019-01-18 07:00:00,59.26,0.05926,2019-01-18,4,7,4,10
272,415,2019-01-18 08:00:00,73.08,0.07307999999999999,2019-01-18,4,8,4,10
273,416,2019-01-18 09:00:00,76.86,0.07686,2019-01-18,4,9,4,10
274,417,2019-01-18 10:00:00,74.4,0.07440000000000001,2019-01-18,4,10,4,10
275,418,2019-01-18 11:00:00,74.4,0.07440000000000001,2019-01-18,4,11,4,10
276,419,2019-01-18 12:00:00,71.28,0.07128,2019-01-18,4,12,4,10
277,420,2019-01-18 13:00:00,69.25,0.06925,2019-01-18,4,13,4,10
278,421,2019-01-18 14:00:00,65.27,0.06527,2019-01-18,4,14,4,10
279,422,2019-01-18 15:00:00,67.44,0.06744,2019-01-18,4,15,4,10
280,423,2019-01-18 16:00:00,68.14,0.06814,2019-01-18,4,16,4,10
281,424,2019-01-18 17:00:00,69.0,0.069,2019-01-18,4,17,4,10
282,425,2019-01-18 18:00:00,75.04,0.07504000000000001,2019-01-18,4,18,4,10
283,426,2019-01-18 19:00:00,76.13,0.07612999999999999,2019-01-18,4,19,4,10
284,427,2019-01-18 20:00:00,72.46,0.07246,2019-01-18,4,20,4,10
285,428,2019-01-18 21:00:00,61.83,0.061829999999999996,2019-01-18,4,21,4,10
286,429,2019-01-18 22:00:00,58.19,0.05819,2019-01-18,4,22,4,10
287,430,2019-01-18 23:00:00,56.7,0.0567,2019-01-18,4,23,4,10
288,431,2019-01-19 00:00:00,53.16,0.05316,2019-01-19,5,0,5,11
289,432,2019-01-19 01:00:00,57.78,0.05778,2019-01-19,5,1,5,11
290,433,2019-01-19 02:00:00,57.32,0.05732,2019-01-19,5,2,5,11
291,434,2019-01-19 03:00:00,55.18,0.05518,2019-01-19,5,3,5,11
292,435,2019-01-19 04:00:00,55.0,0.055,2019-01-19,5,4,5,11
293,436,2019-01-19 05:00:00,53.88,0.053880000000000004,2019-01-19,5,5,5,11
294,437,2019-01-19 06:00:00,53.71,0.05371,2019-01-19,5,6,5,11
295,438,2019-01-19 07:00:00,53.43,0.05343,2019-01-19,5,7,5,11
296,439,2019-01-19 08:00:00,56.49,0.05649,2019-01-19,5,8,5,11
297,440,2019-01-19 09:00:00,60.46,0.06046,2019-01-19,5,9,5,11
298,441,2019-01-19 10:00:00,62.48,0.062479999999999994,2019-01-19,5,10,5,11
299,442,2019-01-19 11:00:00,62.49,0.062490000000000004,2019-01-19,5,11,5,11
300,443,2019-01-19 12:00:00,57.33,0.05733,2019-01-19,5,12,5,11
301,444,2019-01-19 13:00:00,55.26,0.05526,2019-01-19,5,13,5,11
302,445,2019-01-19 14:00:00,55.43,0.05543,2019-01-19,5,14,5,11
303,446,2019-01-19 15:00:00,58.08,0.05808,2019-01-19,5,15,5,11
304,447,2019-01-19 16:00:00,58.48,0.05848,2019-01-19,5,16,5,11
305,448,2019-01-19 17:00:00,62.93,0.06293,2019-01-19,5,17,5,11
306,449,2019-01-19 18:00:00,67.15,0.06715,2019-01-19,5,18,5,11
307,450,2019-01-19 19:00:00,68.91,0.06891,2019-01-19,5,19,5,11
308,451,2019-01-19 20:00:00,63.42,0.06342,2019-01-19,5,20,5,11
309,452,2019-01-19 21:00:00,60.22,0.060219999999999996,2019-01-19,5,21,5,11
310,453,2019-01-19 22:00:00,58.53,0.05853,2019-01-19,5,22,5,11
311,454,2019-01-19 23:00:00,58.52,0.05852,2019-01-19,5,23,5,11
312,455,2019-01-20 00:00:00,56.46,0.05646,2019-01-20,6,0,6,12
313,456,2019-01-20 01:00:00,56.0,0.056,2019-01-20,6,1,6,12
314,457,2019-01-20 02:00:00,54.1,0.0541,2019-01-20,6,2,6,12
315,458,2019-01-20 03:00:00,53.83,0.053829999999999996,2019-01-20,6,3,6,12
316,459,2019-01-20 04:00:00,51.35,0.05135,2019-01-20,6,4,6,12
317,460,2019-01-20 05:00:00,50.45,0.05045,2019-01-20,6,5,6,12
318,461,2019-01-20 06:00:00,50.47,0.05047,2019-01-20,6,6,6,12
319,462,2019-01-20 07:00:00,48.96,0.048960000000000004,2019-01-20,6,7,6,12
320,463,2019-01-20 08:00:00,50.17,0.05017,2019-01-20,6,8,6,12
321,464,2019-01-20 09:00:00,52.41,0.05241,2019-01-20,6,9,6,12
322,465,2019-01-20 10:00:00,56.9,0.0569,2019-01-20,6,10,6,12
323,466,2019-01-20 11:00:00,57.0,0.057,2019-01-20,6,11,6,12
324,467,2019-01-20 12:00:00,56.51,0.05651,2019-01-20,6,12,6,12
325,468,2019-01-20 13:00:00,55.96,0.05596,2019-01-20,6,13,6,12
326,469,2019-01-20 14:00:00,53.9,0.053899999999999997,2019-01-20,6,14,6,12
327,470,2019-01-20 15:00:00,55.54,0.05554,2019-01-20,6,15,6,12
328,471,2019-01-20 16:00:00,55.39,0.05539,2019-01-20,6,16,6,12
329,472,2019-01-20 17:00:00,58.02,0.05802,2019-01-20,6,17,6,12
330,473,2019-01-20 18:00:00,66.68,0.06668,2019-01-20,6,18,6,12
331,474,2019-01-20 19:00:00,69.43,0.06943,2019-01-20,6,19,6,12
332,475,2019-01-20 20:00:00,69.91,0.06991,2019-01-20,6,20,6,12
333,476,2019-01-20 21:00:00,68.78,0.06878000000000001,2019-01-20,6,21,6,12
334,477,2019-01-20 22:00:00,61.16,0.06116,2019-01-20,6,22,6,12
335,478,2019-01-20 23:00:00,62.26,0.062259999999999996,2019-01-20,6,23,6,12
336,479,2019-01-21 00:00:00,57.47,0.05747,2019-01-21,0,0,0,13
337,480,2019-01-21 01:00:00,55.54,0.05554,2019-01-21,0,1,0,13
338,481,2019-01-21 02:00:00,53.02,0.053020000000000005,2019-01-21,0,2,0,13
339,482,2019-01-21 03:00:00,52.1,0.0521,2019-01-21,0,3,0,13
340,483,2019-01-21 04:00:00,51.31,0.05131,2019-01-21,0,4,0,13
341,484,2019-01-21 05:00:00,51.14,0.05114,2019-01-21,0,5,0,13
342,485,2019-01-21 06:00:00,53.23,0.05323,2019-01-21,0,6,0,13
343,486,2019-01-21 07:00:00,67.16,0.06716,2019-01-21,0,7,0,13
344,487,2019-01-21 08:00:00,79.62,0.07962000000000001,2019-01-21,0,8,0,13
345,488,2019-01-21 09:00:00,88.06,0.08806,2019-01-21,0,9,0,13
346,489,2019-01-21 10:00:00,86.01,0.08601,2019-01-21,0,10,0,13
347,490,2019-01-21 11:00:00,80.04,0.08004,2019-01-21,0,11,0,13
348,491,2019-01-21 12:00:00,75.0,0.075,2019-01-21,0,12,0,13
349,492,2019-01-21 13:00:00,70.65,0.07065,2019-01-21,0,13,0,13
350,493,2019-01-21 14:00:00,71.56,0.07156,2019-01-21,0,14,0,13
351,494,2019-01-21 15:00:00,72.03,0.07203,2019-01-21,0,15,0,13
352,495,2019-01-21 16:00:00,76.49,0.07648999999999999,2019-01-21,0,16,0,13
353,496,2019-01-21 17:00:00,81.08,0.08108,2019-01-21,0,17,0,13
354,497,2019-01-21 18:00:00,88.35,0.08835,2019-01-21,0,18,0,13
355,498,2019-01-21 19:00:00,88.5,0.0885,2019-01-21,0,19,0,13
356,499,2019-01-21 20:00:00,79.93,0.07993,2019-01-21,0,20,0,13
357,500,2019-01-21 21:00:00,73.69,0.07368999999999999,2019-01-21,0,21,0,13
358,501,2019-01-21 22:00:00,66.52,0.06652,2019-01-21,0,22,0,13
359,502,2019-01-21 23:00:00,53.6,0.0536,2019-01-21,0,23,0,13
360,503,2019-01-22 00:00:00,52.5,0.0525,2019-01-22,1,0,1,14
361,504,2019-01-22 01:00:00,47.1,0.0471,2019-01-22,1,1,1,14
362,505,2019-01-22 02:00:00,48.66,0.048659999999999995,2019-01-22,1,2,1,14
363,506,2019-01-22 03:00:00,48.41,0.048409999999999995,2019-01-22,1,3,1,14
364,507,2019-01-22 04:00:00,50.8,0.0508,2019-01-22,1,4,1,14
365,508,2019-01-22 05:00:00,51.73,0.05173,2019-01-22,1,5,1,14
366,509,2019-01-22 06:00:00,47.58,0.04758,2019-01-22,1,6,1,14
367,510,2019-01-22 07:00:00,60.24,0.06024,2019-01-22,1,7,1,14
368,511,2019-01-22 08:00:00,71.19,0.07119,2019-01-22,1,8,1,14
369,512,2019-01-22 09:00:00,76.08,0.07608,2019-01-22,1,9,1,14
370,513,2019-01-22 10:00:00,75.05,0.07504999999999999,2019-01-22,1,10,1,14
371,514,2019-01-22 11:00:00,76.64,0.07664,2019-01-22,1,11,1,14
372,515,2019-01-22 12:00:00,72.8,0.0728,2019-01-22,1,12,1,14
373,516,2019-01-22 13:00:00,71.23,0.07123,2019-01-22,1,13,1,14
374,517,2019-01-22 14:00:00,72.8,0.0728,2019-01-22,1,14,1,14
375,518,2019-01-22 15:00:00,74.3,0.07429999999999999,2019-01-22,1,15,1,14
376,519,2019-01-22 16:00:00,75.04,0.07504000000000001,2019-01-22,1,16,1,14
377,520,2019-01-22 17:00:00,81.45,0.08145000000000001,2019-01-22,1,17,1,14
378,521,2019-01-22 18:00:00,89.7,0.0897,2019-01-22,1,18,1,14
379,522,2019-01-22 19:00:00,90.87,0.09087,2019-01-22,1,19,1,14
380,523,2019-01-22 20:00:00,82.76,0.08276,2019-01-22,1,20,1,14
381,524,2019-01-22 21:00:00,58.34,0.05834,2019-01-22,1,21,1,14
382,525,2019-01-22 22:00:00,55.38,0.055380000000000006,2019-01-22,1,22,1,14
383,526,2019-01-22 23:00:00,52.7,0.052700000000000004,2019-01-22,1,23,1,14
384,527,2019-01-23 00:00:00,49.9,0.0499,2019-01-23,2,0,2,15
385,528,2019-01-23 01:00:00,45.7,0.045700000000000005,2019-01-23,2,1,2,15
386,529,2019-01-23 02:00:00,50.41,0.050409999999999996,2019-01-23,2,2,2,15
387,530,2019-01-23 03:00:00,49.9,0.0499,2019-01-23,2,3,2,15
388,531,2019-01-23 04:00:00,51.19,0.05119,2019-01-23,2,4,2,15
389,532,2019-01-23 05:00:00,51.02,0.05102,2019-01-23,2,5,2,15
390,533,2019-01-23 06:00:00,54.81,0.054810000000000005,2019-01-23,2,6,2,15
391,534,2019-01-23 07:00:00,61.86,0.06186,2019-01-23,2,7,2,15
392,535,2019-01-23 08:00:00,82.11,0.08211,2019-01-23,2,8,2,15
393,536,2019-01-23 09:00:00,92.15,0.09215000000000001,2019-01-23,2,9,2,15
394,537,2019-01-23 10:00:00,93.65,0.09365000000000001,2019-01-23,2,10,2,15
395,538,2019-01-23 11:00:00,91.93,0.09193000000000001,2019-01-23,2,11,2,15
396,539,2019-01-23 12:00:00,93.13,0.09312999999999999,2019-01-23,2,12,2,15
397,540,2019-01-23 13:00:00,84.96,0.08496,2019-01-23,2,13,2,15
398,541,2019-01-23 14:00:00,83.99,0.08399,2019-01-23,2,14,2,15
399,542,2019-01-23 15:00:00,85.59,0.08559,2019-01-23,2,15,2,15
400,543,2019-01-23 16:00:00,86.87,0.08687,2019-01-23,2,16,2,15
401,544,2019-01-23 17:00:00,84.96,0.08496,2019-01-23,2,17,2,15
402,545,2019-01-23 18:00:00,90.01,0.09001,2019-01-23,2,18,2,15
403,546,2019-01-23 19:00:00,94.15,0.09415000000000001,2019-01-23,2,19,2,15
404,547,2019-01-23 20:00:00,90.54,0.09054000000000001,2019-01-23,2,20,2,15
405,548,2019-01-23 21:00:00,78.43,0.07843000000000001,2019-01-23,2,21,2,15
406,549,2019-01-23 22:00:00,68.04,0.06804,2019-01-23,2,22,2,15
407,550,2019-01-23 23:00:00,59.88,0.05988,2019-01-23,2,23,2,15
408,551,2019-01-24 00:00:00,50.6,0.0506,2019-01-24,3,0,3,16
409,552,2019-01-24 01:00:00,59.9,0.0599,2019-01-24,3,1,3,16
410,553,2019-01-24 02:00:00,57.65,0.05765,2019-01-24,3,2,3,16
411,554,2019-01-24 03:00:00,57.4,0.0574,2019-01-24,3,3,3,16
412,555,2019-01-24 04:00:00,56.13,0.05613,2019-01-24,3,4,3,16
413,556,2019-01-24 05:00:00,56.95,0.05695,2019-01-24,3,5,3,16
414,557,2019-01-24 06:00:00,61.53,0.06153,2019-01-24,3,6,3,16
415,558,2019-01-24 07:00:00,70.75,0.07075,2019-01-24,3,7,3,16
416,559,2019-01-24 08:00:00,99.07,0.09906999999999999,2019-01-24,3,8,3,16
417,560,2019-01-24 09:00:00,113.07,0.11306999999999999,2019-01-24,3,9,3,16
418,561,2019-01-24 10:00:00,111.23,0.11123000000000001,2019-01-24,3,10,3,16
419,562,2019-01-24 11:00:00,108.25,0.10825,2019-01-24,3,11,3,16
420,563,2019-01-24 12:00:00,103.69,0.10369,2019-01-24,3,12,3,16
421,564,2019-01-24 13:00:00,98.33,0.09833,2019-01-24,3,13,3,16
422,565,2019-01-24 14:00:00,92.63,0.09262999999999999,2019-01-24,3,14,3,16
423,566,2019-01-24 15:00:00,89.86,0.08986,2019-01-24,3,15,3,16
424,567,2019-01-24 16:00:00,90.45,0.09045,2019-01-24,3,16,3,16
425,568,2019-01-24 17:00:00,95.01,0.09501000000000001,2019-01-24,3,17,3,16
426,569,2019-01-24 18:00:00,106.82,0.10682,2019-01-24,3,18,3,16
427,570,2019-01-24 19:00:00,121.46,0.12146,2019-01-24,3,19,3,16
428,571,2019-01-24 20:00:00,102.06,0.10206,2019-01-24,3,20,3,16
429,572,2019-01-24 21:00:00,89.34,0.08934,2019-01-24,3,21,3,16
430,573,2019-01-24 22:00:00,74.43,0.07443000000000001,2019-01-24,3,22,3,16
431,574,2019-01-24 23:00:00,69.63,0.06963,2019-01-24,3,23,3,16
432,575,2019-01-25 00:00:00,61.1,0.0611,2019-01-25,4,0,4,17
433,576,2019-01-25 01:00:00,64.63,0.06462999999999999,2019-01-25,4,1,4,17
434,577,2019-01-25 02:00:00,60.64,0.06064,2019-01-25,4,2,4,17
435,578,2019-01-25 03:00:00,57.8,0.0578,2019-01-25,4,3,4,17
436,579,2019-01-25 04:00:00,55.19,0.055189999999999996,2019-01-25,4,4,4,17
437,580,2019-01-25 05:00:00,55.28,0.05528,2019-01-25,4,5,4,17
438,581,2019-01-25 06:00:00,58.98,0.05898,2019-01-25,4,6,4,17
439,582,2019-01-25 07:00:00,64.51,0.06451000000000001,2019-01-25,4,7,4,17
440,583,2019-01-25 08:00:00,84.48,0.08448,2019-01-25,4,8,4,17
441,584,2019-01-25 09:00:00,97.0,0.097,2019-01-25,4,9,4,17
442,585,2019-01-25 10:00:00,93.64,0.09364,2019-01-25,4,10,4,17
443,586,2019-01-25 11:00:00,85.0,0.085,2019-01-25,4,11,4,17
444,587,2019-01-25 12:00:00,78.0,0.078,2019-01-25,4,12,4,17
445,588,2019-01-25 13:00:00,71.81,0.07181,2019-01-25,4,13,4,17
446,589,2019-01-25 14:00:00,69.87,0.06987,2019-01-25,4,14,4,17
447,590,2019-01-25 15:00:00,68.64,0.06864,2019-01-25,4,15,4,17
448,591,2019-01-25 16:00:00,65.58,0.06558,2019-01-25,4,16,4,17
449,592,2019-01-25 17:00:00,65.08,0.06508,2019-01-25,4,17,4,17
450,593,2019-01-25 18:00:00,70.87,0.07087,2019-01-25,4,18,4,17
451,594,2019-01-25 19:00:00,71.52,0.07152,2019-01-25,4,19,4,17
452,595,2019-01-25 20:00:00,51.33,0.05133,2019-01-25,4,20,4,17
453,596,2019-01-25 21:00:00,49.5,0.0495,2019-01-25,4,21,4,17
454,597,2019-01-25 22:00:00,49.8,0.0498,2019-01-25,4,22,4,17
455,598,2019-01-25 23:00:00,47.21,0.04721,2019-01-25,4,23,4,17
456,599,2019-01-26 00:00:00,43.0,0.043,2019-01-26,5,0,5,18
457,600,2019-01-26 01:00:00,48.9,0.0489,2019-01-26,5,1,5,18
458,601,2019-01-26 02:00:00,54.88,0.054880000000000005,2019-01-26,5,2,5,18
459,602,2019-01-26 03:00:00,49.9,0.0499,2019-01-26,5,3,5,18
460,603,2019-01-26 04:00:00,41.96,0.041960000000000004,2019-01-26,5,4,5,18
461,604,2019-01-26 05:00:00,41.65,0.04165,2019-01-26,5,5,5,18
462,605,2019-01-26 06:00:00,40.72,0.04072,2019-01-26,5,6,5,18
463,606,2019-01-26 07:00:00,41.53,0.041530000000000004,2019-01-26,5,7,5,18
464,607,2019-01-26 08:00:00,47.5,0.0475,2019-01-26,5,8,5,18
465,608,2019-01-26 09:00:00,51.37,0.05137,2019-01-26,5,9,5,18
466,609,2019-01-26 10:00:00,56.33,0.05633,2019-01-26,5,10,5,18
467,610,2019-01-26 11:00:00,58.62,0.05862,2019-01-26,5,11,5,18
468,611,2019-01-26 12:00:00,59.18,0.059179999999999996,2019-01-26,5,12,5,18
469,612,2019-01-26 13:00:00,56.72,0.05672,2019-01-26,5,13,5,18
470,613,2019-01-26 14:00:00,57.44,0.05744,2019-01-26,5,14,5,18
471,614,2019-01-26 15:00:00,53.32,0.05332,2019-01-26,5,15,5,18
472,615,2019-01-26 16:00:00,52.8,0.0528,2019-01-26,5,16,5,18
473,616,2019-01-26 17:00:00,52.44,0.05244,2019-01-26,5,17,5,18
474,617,2019-01-26 18:00:00,55.95,0.05595,2019-01-26,5,18,5,18
475,618,2019-01-26 19:00:00,57.92,0.05792,2019-01-26,5,19,5,18
476,619,2019-01-26 20:00:00,52.75,0.05275,2019-01-26,5,20,5,18
477,620,2019-01-26 21:00:00,47.4,0.0474,2019-01-26,5,21,5,18
478,621,2019-01-26 22:00:00,44.99,0.04499,2019-01-26,5,22,5,18
479,622,2019-01-26 23:00:00,44.04,0.044039999999999996,2019-01-26,5,23,5,18
480,623,2019-01-27 00:00:00,40.4,0.0404,2019-01-27,6,0,6,19
481,624,2019-01-27 01:00:00,45.0,0.045,2019-01-27,6,1,6,19
482,625,2019-01-27 02:00:00,48.0,0.048,2019-01-27,6,2,6,19
483,626,2019-01-27 03:00:00,44.6,0.0446,2019-01-27,6,3,6,19
484,627,2019-01-27 04:00:00,38.9,0.0389,2019-01-27,6,4,6,19
485,628,2019-01-27 05:00:00,33.58,0.03358,2019-01-27,6,5,6,19
486,629,2019-01-27 06:00:00,19.9,0.019899999999999998,2019-01-27,6,6,6,19
487,630,2019-01-27 07:00:00,26.0,0.026,2019-01-27,6,7,6,19
488,631,2019-01-27 08:00:00,37.4,0.037399999999999996,2019-01-27,6,8,6,19
489,632,2019-01-27 09:00:00,34.97,0.03497,2019-01-27,6,9,6,19
490,633,2019-01-27 10:00:00,43.1,0.0431,2019-01-27,6,10,6,19
491,634,2019-01-27 11:00:00,54.35,0.05435,2019-01-27,6,11,6,19
492,635,2019-01-27 12:00:00,55.0,0.055,2019-01-27,6,12,6,19
493,636,2019-01-27 13:00:00,46.97,0.04697,2019-01-27,6,13,6,19
494,637,2019-01-27 14:00:00,43.25,0.04325,2019-01-27,6,14,6,19
495,638,2019-01-27 15:00:00,41.25,0.04125,2019-01-27,6,15,6,19
496,639,2019-01-27 16:00:00,40.67,0.040670000000000005,2019-01-27,6,16,6,19
497,640,2019-01-27 17:00:00,41.26,0.04126,2019-01-27,6,17,6,19
498,641,2019-01-27 18:00:00,47.25,0.04725,2019-01-27,6,18,6,19
499,642,2019-01-27 19:00:00,52.64,0.05264,2019-01-27,6,19,6,19
500,643,2019-01-27 20:00:00,52.96,0.05296,2019-01-27,6,20,6,19
501,644,2019-01-27 21:00:00,50.44,0.05044,2019-01-27,6,21,6,19
502,645,2019-01-27 22:00:00,47.78,0.04778,2019-01-27,6,22,6,19
503,646,2019-01-27 23:00:00,50.82,0.05082,2019-01-27,6,23,6,19
504,647,2019-01-28 00:00:00,44.85,0.04485,2019-01-28,0,0,0,20
505,648,2019-01-28 01:00:00,49.39,0.04939,2019-01-28,0,1,0,20
506,649,2019-01-28 02:00:00,40.97,0.04097,2019-01-28,0,2,0,20
507,650,2019-01-28 03:00:00,40.42,0.040420000000000005,2019-01-28,0,3,0,20
508,651,2019-01-28 04:00:00,37.8,0.0378,2019-01-28,0,4,0,20
509,652,2019-01-28 05:00:00,38.09,0.038090000000000006,2019-01-28,0,5,0,20
510,653,2019-01-28 06:00:00,41.83,0.04183,2019-01-28,0,6,0,20
511,654,2019-01-28 07:00:00,53.09,0.053090000000000005,2019-01-28,0,7,0,20
512,655,2019-01-28 08:00:00,64.04,0.06404,2019-01-28,0,8,0,20
513,656,2019-01-28 09:00:00,64.65,0.06465,2019-01-28,0,9,0,20
514,657,2019-01-28 10:00:00,59.92,0.05992,2019-01-28,0,10,0,20
515,658,2019-01-28 11:00:00,53.43,0.05343,2019-01-28,0,11,0,20
516,659,2019-01-28 12:00:00,55.78,0.05578,2019-01-28,0,12,0,20
517,660,2019-01-28 13:00:00,53.79,0.05379,2019-01-28,0,13,0,20
518,661,2019-01-28 14:00:00,50.0,0.05,2019-01-28,0,14,0,20
519,662,2019-01-28 15:00:00,48.96,0.048960000000000004,2019-01-28,0,15,0,20
520,663,2019-01-28 16:00:00,47.4,0.0474,2019-01-28,0,16,0,20
521,664,2019-01-28 17:00:00,51.74,0.05174,2019-01-28,0,17,0,20
522,665,2019-01-28 18:00:00,62.0,0.062,2019-01-28,0,18,0,20
523,666,2019-01-28 19:00:00,59.9,0.0599,2019-01-28,0,19,0,20
524,667,2019-01-28 20:00:00,53.85,0.05385,2019-01-28,0,20,0,20
525,668,2019-01-28 21:00:00,49.9,0.0499,2019-01-28,0,21,0,20
526,669,2019-01-28 22:00:00,50.35,0.05035,2019-01-28,0,22,0,20
527,670,2019-01-28 23:00:00,46.36,0.04636,2019-01-28,0,23,0,20
528,671,2019-01-29 00:00:00,44.9,0.044899999999999995,2019-01-29,1,0,1,21
529,672,2019-01-29 01:00:00,47.6,0.0476,2019-01-29,1,1,1,21
530,673,2019-01-29 02:00:00,48.66,0.048659999999999995,2019-01-29,1,2,1,21
531,674,2019-01-29 03:00:00,48.09,0.04809,2019-01-29,1,3,1,21
532,675,2019-01-29 04:00:00,45.22,0.045219999999999996,2019-01-29,1,4,1,21
533,676,2019-01-29 05:00:00,45.97,0.04597,2019-01-29,1,5,1,21
534,677,2019-01-29 06:00:00,47.4,0.0474,2019-01-29,1,6,1,21
535,678,2019-01-29 07:00:00,55.93,0.05593,2019-01-29,1,7,1,21
536,679,2019-01-29 08:00:00,65.78,0.06578,2019-01-29,1,8,1,21
537,680,2019-01-29 09:00:00,72.98,0.07298,2019-01-29,1,9,1,21
538,681,2019-01-29 10:00:00,72.58,0.07257999999999999,2019-01-29,1,10,1,21
539,682,2019-01-29 11:00:00,71.36,0.07135999999999999,2019-01-29,1,11,1,21
540,683,2019-01-29 12:00:00,70.14,0.07014,2019-01-29,1,12,1,21
541,684,2019-01-29 13:00:00,65.99,0.06599,2019-01-29,1,13,1,21
542,685,2019-01-29 14:00:00,66.77,0.06677,2019-01-29,1,14,1,21
543,686,2019-01-29 15:00:00,66.56,0.06656000000000001,2019-01-29,1,15,1,21
544,687,2019-01-29 16:00:00,66.0,0.066,2019-01-29,1,16,1,21
545,688,2019-01-29 17:00:00,69.33,0.06933,2019-01-29,1,17,1,21
546,689,2019-01-29 18:00:00,71.45,0.07145,2019-01-29,1,18,1,21
547,690,2019-01-29 19:00:00,72.82,0.07282,2019-01-29,1,19,1,21
548,691,2019-01-29 20:00:00,69.81,0.06981,2019-01-29,1,20,1,21
549,692,2019-01-29 21:00:00,56.22,0.05622,2019-01-29,1,21,1,21
550,693,2019-01-29 22:00:00,53.47,0.05347,2019-01-29,1,22,1,21
551,694,2019-01-29 23:00:00,45.0,0.045,2019-01-29,1,23,1,21
552,695,2019-01-30 00:00:00,48.0,0.048,2019-01-30,2,0,2,22
553,696,2019-01-30 01:00:00,43.0,0.043,2019-01-30,2,1,2,22
554,697,2019-01-30 02:00:00,46.36,0.04636,2019-01-30,2,2,2,22
555,698,2019-01-30 03:00:00,45.1,0.0451,2019-01-30,2,3,2,22
556,699,2019-01-30 04:00:00,42.85,0.04285,2019-01-30,2,4,2,22
557,700,2019-01-30 05:00:00,42.74,0.04274,2019-01-30,2,5,2,22
558,701,2019-01-30 06:00:00,46.34,0.046340000000000006,2019-01-30,2,6,2,22
559,702,2019-01-30 07:00:00,52.12,0.05212,2019-01-30,2,7,2,22
560,703,2019-01-30 08:00:00,64.99,0.06498999999999999,2019-01-30,2,8,2,22
561,704,2019-01-30 09:00:00,68.17,0.06817000000000001,2019-01-30,2,9,2,22
562,705,2019-01-30 10:00:00,72.47,0.07246999999999999,2019-01-30,2,10,2,22
563,706,2019-01-30 11:00:00,83.6,0.0836,2019-01-30,2,11,2,22
564,707,2019-01-30 12:00:00,82.83,0.08283,2019-01-30,2,12,2,22
565,708,2019-01-30 13:00:00,84.32,0.08431999999999999,2019-01-30,2,13,2,22
566,709,2019-01-30 14:00:00,85.38,0.08538,2019-01-30,2,14,2,22
567,710,2019-01-30 15:00:00,74.6,0.0746,2019-01-30,2,15,2,22
568,711,2019-01-30 16:00:00,78.8,0.0788,2019-01-30,2,16,2,22
569,712,2019-01-30 17:00:00,76.43,0.07643000000000001,2019-01-30,2,17,2,22
570,713,2019-01-30 18:00:00,72.96,0.07296,2019-01-30,2,18,2,22
571,714,2019-01-30 19:00:00,94.59,0.09459000000000001,2019-01-30,2,19,2,22
572,715,2019-01-30 20:00:00,60.0,0.06,2019-01-30,2,20,2,22
573,716,2019-01-30 21:00:00,58.0,0.058,2019-01-30,2,21,2,22
574,717,2019-01-30 22:00:00,56.23,0.056229999999999995,2019-01-30,2,22,2,22
575,718,2019-01-30 23:00:00,50.1,0.0501,2019-01-30,2,23,2,22
576,719,2019-01-31 00:00:00,47.1,0.0471,2019-01-31,3,0,3,23
577,720,2019-01-31 01:00:00,43.9,0.0439,2019-01-31,3,1,3,23
578,721,2019-01-31 02:00:00,46.84,0.04684000000000001,2019-01-31,3,2,3,23
579,722,2019-01-31 03:00:00,46.78,0.04678,2019-01-31,3,3,3,23
580,723,2019-01-31 04:00:00,46.82,0.04682,2019-01-31,3,4,3,23
581,724,2019-01-31 05:00:00,45.08,0.045079999999999995,2019-01-31,3,5,3,23
582,725,2019-01-31 06:00:00,48.7,0.0487,2019-01-31,3,6,3,23
583,726,2019-01-31 07:00:00,62.27,0.062270000000000006,2019-01-31,3,7,3,23
584,727,2019-01-31 08:00:00,71.7,0.0717,2019-01-31,3,8,3,23
585,728,2019-01-31 09:00:00,78.49,0.07848999999999999,2019-01-31,3,9,3,23
586,729,2019-01-31 10:00:00,79.36,0.07936,2019-01-31,3,10,3,23
587,730,2019-01-31 11:00:00,77.96,0.07795999999999999,2019-01-31,3,11,3,23
588,731,2019-01-31 12:00:00,71.59,0.07159,2019-01-31,3,12,3,23
589,732,2019-01-31 13:00:00,66.81,0.06681000000000001,2019-01-31,3,13,3,23
590,733,2019-01-31 14:00:00,66.22,0.06622,2019-01-31,3,14,3,23
591,734,2019-01-31 15:00:00,66.16,0.06616,2019-01-31,3,15,3,23
592,735,2019-01-31 16:00:00,66.16,0.06616,2019-01-31,3,16,3,23
593,736,2019-01-31 17:00:00,65.35,0.06534999999999999,2019-01-31,3,17,3,23
594,737,2019-01-31 18:00:00,66.68,0.06668,2019-01-31,3,18,3,23
595,738,2019-01-31 19:00:00,66.98,0.06698,2019-01-31,3,19,3,23
596,739,2019-01-31 20:00:00,65.4,0.0654,2019-01-31,3,20,3,23
597,740,2019-01-31 21:00:00,59.9,0.0599,2019-01-31,3,21,3,23
598,741,2019-01-31 22:00:00,52.84,0.052840000000000005,2019-01-31,3,22,3,23
599,742,2019-01-31 23:00:00,51.36,0.05136,2019-01-31,3,23,3,23
600,743,2019-02-01 00:00:00,47.36,0.04736,2019-02-01,4,0,4,24
601,744,2019-02-01 01:00:00,44.09,0.044090000000000004,2019-02-01,4,1,4,24
602,745,2019-02-01 02:00:00,45.47,0.04547,2019-02-01,4,2,4,24
603,746,2019-02-01 03:00:00,43.1,0.0431,2019-02-01,4,3,4,24
604,747,2019-02-01 04:00:00,41.1,0.041100000000000005,2019-02-01,4,4,4,24
605,748,2019-02-01 05:00:00,41.51,0.04151,2019-02-01,4,5,4,24
606,749,2019-02-01 06:00:00,45.76,0.045759999999999995,2019-02-01,4,6,4,24
607,750,2019-02-01 07:00:00,52.44,0.05244,2019-02-01,4,7,4,24
608,751,2019-02-01 08:00:00,66.44,0.06644,2019-02-01,4,8,4,24
609,752,2019-02-01 09:00:00,72.94,0.07293999999999999,2019-02-01,4,9,4,24
610,753,2019-02-01 10:00:00,84.25,0.08425,2019-02-01,4,10,4,24
611,754,2019-02-01 11:00:00,83.81,0.08381,2019-02-01,4,11,4,24
612,755,2019-02-01 12:00:00,84.23,0.08423,2019-02-01,4,12,4,24
613,756,2019-02-01 13:00:00,80.49,0.08048999999999999,2019-02-01,4,13,4,24
614,757,2019-02-01 14:00:00,78.64,0.07864,2019-02-01,4,14,4,24
615,758,2019-02-01 15:00:00,65.52,0.06552,2019-02-01,4,15,4,24
616,759,2019-02-01 16:00:00,64.55,0.06455,2019-02-01,4,16,4,24
617,760,2019-02-01 17:00:00,63.91,0.06391,2019-02-01,4,17,4,24
618,761,2019-02-01 18:00:00,67.71,0.06770999999999999,2019-02-01,4,18,4,24
619,762,2019-02-01 19:00:00,70.25,0.07025,2019-02-01,4,19,4,24
620,763,2019-02-01 20:00:00,69.9,0.0699,2019-02-01,4,20,4,24
621,764,2019-02-01 21:00:00,62.99,0.06299,2019-02-01,4,21,4,24
622,765,2019-02-01 22:00:00,56.05,0.056049999999999996,2019-02-01,4,22,4,24
623,766,2019-02-01 23:00:00,54.01,0.054009999999999996,2019-02-01,4,23,4,24
624,767,2019-02-02 00:00:00,50.92,0.05092,2019-02-02,5,0,5,25
625,768,2019-02-02 01:00:00,49.21,0.049210000000000004,2019-02-02,5,1,5,25
626,769,2019-02-02 02:00:00,47.07,0.04707,2019-02-02,5,2,5,25
627,770,2019-02-02 03:00:00,45.7,0.045700000000000005,2019-02-02,5,3,5,25
628,771,2019-02-02 04:00:00,43.14,0.04314,2019-02-02,5,4,5,25
629,772,2019-02-02 05:00:00,42.71,0.04271,2019-02-02,5,5,5,25
630,773,2019-02-02 06:00:00,42.6,0.0426,2019-02-02,5,6,5,25
631,774,2019-02-02 07:00:00,43.47,0.04347,2019-02-02,5,7,5,25
632,775,2019-02-02 08:00:00,47.68,0.04768,2019-02-02,5,8,5,25
633,776,2019-02-02 09:00:00,51.47,0.05147,2019-02-02,5,9,5,25
634,777,2019-02-02 10:00:00,55.79,0.05579,2019-02-02,5,10,5,25
635,778,2019-02-02 11:00:00,59.5,0.0595,2019-02-02,5,11,5,25
636,779,2019-02-02 12:00:00,59.15,0.05915,2019-02-02,5,12,5,25
637,780,2019-02-02 13:00:00,56.08,0.05608,2019-02-02,5,13,5,25
638,781,2019-02-02 14:00:00,50.33,0.05033,2019-02-02,5,14,5,25
639,782,2019-02-02 15:00:00,49.09,0.04909,2019-02-02,5,15,5,25
640,783,2019-02-02 16:00:00,48.6,0.048600000000000004,2019-02-02,5,16,5,25
641,784,2019-02-02 17:00:00,49.39,0.04939,2019-02-02,5,17,5,25
642,785,2019-02-02 18:00:00,56.86,0.05686,2019-02-02,5,18,5,25
643,786,2019-02-02 19:00:00,57.91,0.057909999999999996,2019-02-02,5,19,5,25
644,787,2019-02-02 20:00:00,54.59,0.05459000000000001,2019-02-02,5,20,5,25
645,788,2019-02-02 21:00:00,50.43,0.05043,2019-02-02,5,21,5,25
646,789,2019-02-02 22:00:00,48.48,0.048479999999999995,2019-02-02,5,22,5,25
647,790,2019-02-02 23:00:00,48.49,0.048490000000000005,2019-02-02,5,23,5,25
648,791,2019-02-03 00:00:00,46.06,0.046060000000000004,2019-02-03,6,0,6,26
649,792,2019-02-03 01:00:00,42.3,0.0423,2019-02-03,6,1,6,26
650,793,2019-02-03 02:00:00,41.29,0.04129,2019-02-03,6,2,6,26
651,794,2019-02-03 03:00:00,40.48,0.040479999999999995,2019-02-03,6,3,6,26
652,795,2019-02-03 04:00:00,39.0,0.039,2019-02-03,6,4,6,26
653,796,2019-02-03 05:00:00,38.9,0.0389,2019-02-03,6,5,6,26
654,797,2019-02-03 06:00:00,38.47,0.03847,2019-02-03,6,6,6,26
655,798,2019-02-03 07:00:00,39.88,0.039880000000000006,2019-02-03,6,7,6,26
656,799,2019-02-03 08:00:00,40.97,0.04097,2019-02-03,6,8,6,26
657,800,2019-02-03 09:00:00,43.8,0.0438,2019-02-03,6,9,6,26
658,801,2019-02-03 10:00:00,47.05,0.047049999999999995,2019-02-03,6,10,6,26
659,802,2019-02-03 11:00:00,49.33,0.04933,2019-02-03,6,11,6,26
660,803,2019-02-03 12:00:00,51.11,0.05111,2019-02-03,6,12,6,26
661,804,2019-02-03 13:00:00,50.35,0.05035,2019-02-03,6,13,6,26
662,805,2019-02-03 14:00:00,47.09,0.04709000000000001,2019-02-03,6,14,6,26
663,806,2019-02-03 15:00:00,45.14,0.04514,2019-02-03,6,15,6,26
664,807,2019-02-03 16:00:00,44.4,0.0444,2019-02-03,6,16,6,26
665,808,2019-02-03 17:00:00,45.79,0.04579,2019-02-03,6,17,6,26
666,809,2019-02-03 18:00:00,51.94,0.05194,2019-02-03,6,18,6,26
667,810,2019-02-03 19:00:00,59.54,0.059539999999999996,2019-02-03,6,19,6,26
668,811,2019-02-03 20:00:00,60.67,0.06067,2019-02-03,6,20,6,26
669,812,2019-02-03 21:00:00,57.4,0.0574,2019-02-03,6,21,6,26
670,813,2019-02-03 22:00:00,51.94,0.05194,2019-02-03,6,22,6,26
671,814,2019-02-03 23:00:00,46.25,0.04625,2019-02-03,6,23,6,26
672,815,2019-02-04 00:00:00,41.76,0.04176,2019-02-04,0,0,0,27
673,816,2019-02-04 01:00:00,40.0,0.04,2019-02-04,0,1,0,27
674,817,2019-02-04 02:00:00,40.11,0.04011,2019-02-04,0,2,0,27
675,818,2019-02-04 03:00:00,39.42,0.039420000000000004,2019-02-04,0,3,0,27
676,819,2019-02-04 04:00:00,39.21,0.03921,2019-02-04,0,4,0,27
677,820,2019-02-04 05:00:00,38.55,0.038549999999999994,2019-02-04,0,5,0,27
678,821,2019-02-04 06:00:00,40.63,0.04063,2019-02-04,0,6,0,27
679,822,2019-02-04 07:00:00,47.16,0.047159999999999994,2019-02-04,0,7,0,27
680,823,2019-02-04 08:00:00,55.74,0.055740000000000005,2019-02-04,0,8,0,27
681,824,2019-02-04 09:00:00,55.34,0.05534,2019-02-04,0,9,0,27
682,825,2019-02-04 10:00:00,59.0,0.059,2019-02-04,0,10,0,27
683,826,2019-02-04 11:00:00,53.0,0.053,2019-02-04,0,11,0,27
684,827,2019-02-04 12:00:00,44.7,0.044700000000000004,2019-02-04,0,12,0,27
685,828,2019-02-04 13:00:00,41.69,0.04169,2019-02-04,0,13,0,27
686,829,2019-02-04 14:00:00,40.8,0.040799999999999996,2019-02-04,0,14,0,27
687,830,2019-02-04 15:00:00,45.4,0.045399999999999996,2019-02-04,0,15,0,27
688,831,2019-02-04 16:00:00,45.49,0.04549,2019-02-04,0,16,0,27
689,832,2019-02-04 17:00:00,46.59,0.046590000000000006,2019-02-04,0,17,0,27
690,833,2019-02-04 18:00:00,49.9,0.0499,2019-02-04,0,18,0,27
691,834,2019-02-04 19:00:00,46.78,0.04678,2019-02-04,0,19,0,27
692,835,2019-02-04 20:00:00,42.08,0.04208,2019-02-04,0,20,0,27
693,836,2019-02-04 21:00:00,40.59,0.04059,2019-02-04,0,21,0,27
694,837,2019-02-04 22:00:00,39.9,0.0399,2019-02-04,0,22,0,27
695,838,2019-02-04 23:00:00,39.7,0.039700000000000006,2019-02-04,0,23,0,27
696,839,2019-02-05 00:00:00,34.9,0.0349,2019-02-05,1,0,1,28
697,840,2019-02-05 01:00:00,37.3,0.0373,2019-02-05,1,1,1,28
698,841,2019-02-05 02:00:00,37.4,0.037399999999999996,2019-02-05,1,2,1,28
699,842,2019-02-05 03:00:00,38.42,0.03842,2019-02-05,1,3,1,28
700,843,2019-02-05 04:00:00,39.9,0.0399,2019-02-05,1,4,1,28
701,844,2019-02-05 05:00:00,39.9,0.0399,2019-02-05,1,5,1,28
702,845,2019-02-05 06:00:00,42.99,0.04299,2019-02-05,1,6,1,28
703,846,2019-02-05 07:00:00,54.13,0.054130000000000005,2019-02-05,1,7,1,28
704,847,2019-02-05 08:00:00,62.22,0.06222,2019-02-05,1,8,1,28
705,848,2019-02-05 09:00:00,70.3,0.0703,2019-02-05,1,9,1,28
706,849,2019-02-05 10:00:00,75.19,0.07518999999999999,2019-02-05,1,10,1,28
707,850,2019-02-05 11:00:00,69.96,0.06996,2019-02-05,1,11,1,28
708,851,2019-02-05 12:00:00,62.85,0.06285,2019-02-05,1,12,1,28
709,852,2019-02-05 13:00:00,58.93,0.058929999999999996,2019-02-05,1,13,1,28
710,853,2019-02-05 14:00:00,57.96,0.05796,2019-02-05,1,14,1,28
711,854,2019-02-05 15:00:00,57.96,0.05796,2019-02-05,1,15,1,28
712,855,2019-02-05 16:00:00,58.04,0.05804,2019-02-05,1,16,1,28
713,856,2019-02-05 17:00:00,60.35,0.06035,2019-02-05,1,17,1,28
714,857,2019-02-05 18:00:00,63.06,0.06306,2019-02-05,1,18,1,28
715,858,2019-02-05 19:00:00,65.79,0.06579,2019-02-05,1,19,1,28
716,859,2019-02-05 20:00:00,62.63,0.06263,2019-02-05,1,20,1,28
717,860,2019-02-05 21:00:00,61.77,0.061770000000000005,2019-02-05,1,21,1,28
718,861,2019-02-05 22:00:00,52.93,0.05293,2019-02-05,1,22,1,28
719,862,2019-02-05 23:00:00,46.03,0.04603,2019-02-05,1,23,1,28
720,863,2019-02-06 00:00:00,42.6,0.0426,2019-02-06,2,0,2,29
721,864,2019-02-06 01:00:00,42.8,0.0428,2019-02-06,2,1,2,29
722,865,2019-02-06 02:00:00,41.63,0.04163,2019-02-06,2,2,2,29
723,866,2019-02-06 03:00:00,40.5,0.0405,2019-02-06,2,3,2,29
724,867,2019-02-06 04:00:00,40.4,0.0404,2019-02-06,2,4,2,29
725,868,2019-02-06 05:00:00,41.38,0.04138,2019-02-06,2,5,2,29
726,869,2019-02-06 06:00:00,42.31,0.04231,2019-02-06,2,6,2,29
727,870,2019-02-06 07:00:00,50.66,0.05066,2019-02-06,2,7,2,29
728,871,2019-02-06 08:00:00,53.3,0.0533,2019-02-06,2,8,2,29
729,872,2019-02-06 09:00:00,55.93,0.05593,2019-02-06,2,9,2,29
730,873,2019-02-06 10:00:00,53.45,0.053450000000000004,2019-02-06,2,10,2,29
731,874,2019-02-06 11:00:00,55.37,0.055369999999999996,2019-02-06,2,11,2,29
732,875,2019-02-06 12:00:00,55.09,0.05509,2019-02-06,2,12,2,29
733,876,2019-02-06 13:00:00,54.94,0.054939999999999996,2019-02-06,2,13,2,29
734,877,2019-02-06 14:00:00,54.55,0.054549999999999994,2019-02-06,2,14,2,29
735,878,2019-02-06 15:00:00,52.93,0.05293,2019-02-06,2,15,2,29
736,879,2019-02-06 16:00:00,54.3,0.054299999999999994,2019-02-06,2,16,2,29
737,880,2019-02-06 17:00:00,56.73,0.056729999999999996,2019-02-06,2,17,2,29
738,881,2019-02-06 18:00:00,60.27,0.060270000000000004,2019-02-06,2,18,2,29
739,882,2019-02-06 19:00:00,62.4,0.0624,2019-02-06,2,19,2,29
740,883,2019-02-06 20:00:00,58.94,0.05894,2019-02-06,2,20,2,29
741,884,2019-02-06 21:00:00,54.37,0.054369999999999995,2019-02-06,2,21,2,29
742,885,2019-02-06 22:00:00,50.49,0.05049,2019-02-06,2,22,2,29
743,886,2019-02-06 23:00:00,49.5,0.0495,2019-02-06,2,23,2,29
744,887,2019-02-07 00:00:00,46.18,0.04618,2019-02-07,3,0,3,30
745,888,2019-02-07 01:00:00,46.25,0.04625,2019-02-07,3,1,3,30
746,889,2019-02-07 02:00:00,45.21,0.04521,2019-02-07,3,2,3,30
747,890,2019-02-07 03:00:00,41.24,0.04124,2019-02-07,3,3,3,30
748,891,2019-02-07 04:00:00,38.05,0.03805,2019-02-07,3,4,3,30
749,892,2019-02-07 05:00:00,37.0,0.037,2019-02-07,3,5,3,30
750,893,2019-02-07 06:00:00,39.04,0.03904,2019-02-07,3,6,3,30
751,894,2019-02-07 07:00:00,48.06,0.048060000000000005,2019-02-07,3,7,3,30
752,895,2019-02-07 08:00:00,50.77,0.05077,2019-02-07,3,8,3,30
753,896,2019-02-07 09:00:00,54.79,0.05479,2019-02-07,3,9,3,30
754,897,2019-02-07 10:00:00,53.7,0.053700000000000005,2019-02-07,3,10,3,30
755,898,2019-02-07 11:00:00,53.17,0.05317,2019-02-07,3,11,3,30
756,899,2019-02-07 12:00:00,50.0,0.05,2019-02-07,3,12,3,30
757,900,2019-02-07 13:00:00,49.45,0.04945,2019-02-07,3,13,3,30
758,901,2019-02-07 14:00:00,46.09,0.046090000000000006,2019-02-07,3,14,3,30
759,902,2019-02-07 15:00:00,42.58,0.04258,2019-02-07,3,15,3,30
760,903,2019-02-07 16:00:00,43.32,0.04332,2019-02-07,3,16,3,30
761,904,2019-02-07 17:00:00,46.28,0.04628,2019-02-07,3,17,3,30
762,905,2019-02-07 18:00:00,51.65,0.05165,2019-02-07,3,18,3,30
763,906,2019-02-07 19:00:00,49.76,0.04976,2019-02-07,3,19,3,30
764,907,2019-02-07 20:00:00,45.4,0.045399999999999996,2019-02-07,3,20,3,30
765,908,2019-02-07 21:00:00,43.19,0.04319,2019-02-07,3,21,3,30
766,909,2019-02-07 22:00:00,45.7,0.045700000000000005,2019-02-07,3,22,3,30
767,910,2019-02-07 23:00:00,43.55,0.04355,2019-02-07,3,23,3,30
768,911,2019-02-08 00:00:00,42.0,0.042,2019-02-08,4,0,4,31
769,912,2019-02-08 01:00:00,46.85,0.04685,2019-02-08,4,1,4,31
770,913,2019-02-08 02:00:00,45.0,0.045,2019-02-08,4,2,4,31
771,914,2019-02-08 03:00:00,46.0,0.046,2019-02-08,4,3,4,31
772,915,2019-02-08 04:00:00,45.0,0.045,2019-02-08,4,4,4,31
773,916,2019-02-08 05:00:00,37.4,0.037399999999999996,2019-02-08,4,5,4,31
774,917,2019-02-08 06:00:00,39.49,0.039490000000000004,2019-02-08,4,6,4,31
775,918,2019-02-08 07:00:00,46.5,0.0465,2019-02-08,4,7,4,31
776,919,2019-02-08 08:00:00,55.87,0.055869999999999996,2019-02-08,4,8,4,31
777,920,2019-02-08 09:00:00,57.83,0.05783,2019-02-08,4,9,4,31
778,921,2019-02-08 10:00:00,58.31,0.05831,2019-02-08,4,10,4,31
779,922,2019-02-08 11:00:00,59.04,0.05904,2019-02-08,4,11,4,31
780,923,2019-02-08 12:00:00,57.56,0.05756,2019-02-08,4,12,4,31
781,924,2019-02-08 13:00:00,54.13,0.054130000000000005,2019-02-08,4,13,4,31
782,925,2019-02-08 14:00:00,51.48,0.05148,2019-02-08,4,14,4,31
783,926,2019-02-08 15:00:00,48.31,0.048310000000000006,2019-02-08,4,15,4,31
784,927,2019-02-08 16:00:00,45.45,0.045450000000000004,2019-02-08,4,16,4,31
785,928,2019-02-08 17:00:00,45.8,0.0458,2019-02-08,4,17,4,31
786,929,2019-02-08 18:00:00,50.0,0.05,2019-02-08,4,18,4,31
787,930,2019-02-08 19:00:00,52.34,0.052340000000000005,2019-02-08,4,19,4,31
788,931,2019-02-08 20:00:00,47.59,0.04759,2019-02-08,4,20,4,31
789,932,2019-02-08 21:00:00,47.4,0.0474,2019-02-08,4,21,4,31
790,933,2019-02-08 22:00:00,46.66,0.04665999999999999,2019-02-08,4,22,4,31
791,934,2019-02-08 23:00:00,46.43,0.04643,2019-02-08,4,23,4,31
792,935,2019-02-09 00:00:00,46.49,0.046490000000000004,2019-02-09,5,0,5,32
793,936,2019-02-09 01:00:00,46.2,0.046200000000000005,2019-02-09,5,1,5,32
794,937,2019-02-09 02:00:00,40.0,0.04,2019-02-09,5,2,5,32
795,938,2019-02-09 03:00:00,39.87,0.039869999999999996,2019-02-09,5,3,5,32
796,939,2019-02-09 04:00:00,37.1,0.0371,2019-02-09,5,4,5,32
797,940,2019-02-09 05:00:00,33.18,0.03318,2019-02-09,5,5,5,32
798,941,2019-02-09 06:00:00,30.13,0.03013,2019-02-09,5,6,5,32
799,942,2019-02-09 07:00:00,38.0,0.038,2019-02-09,5,7,5,32
800,943,2019-02-09 08:00:00,41.12,0.04112,2019-02-09,5,8,5,32
801,944,2019-02-09 09:00:00,43.82,0.04382,2019-02-09,5,9,5,32
802,945,2019-02-09 10:00:00,48.54,0.04854,2019-02-09,5,10,5,32
803,946,2019-02-09 11:00:00,49.9,0.0499,2019-02-09,5,11,5,32
804,947,2019-02-09 12:00:00,47.09,0.04709000000000001,2019-02-09,5,12,5,32
805,948,2019-02-09 13:00:00,46.82,0.04682,2019-02-09,5,13,5,32
806,949,2019-02-09 14:00:00,43.6,0.0436,2019-02-09,5,14,5,32
807,950,2019-02-09 15:00:00,38.9,0.0389,2019-02-09,5,15,5,32
808,951,2019-02-09 16:00:00,42.4,0.0424,2019-02-09,5,16,5,32
809,952,2019-02-09 17:00:00,43.35,0.04335,2019-02-09,5,17,5,32
810,953,2019-02-09 18:00:00,54.37,0.054369999999999995,2019-02-09,5,18,5,32
811,954,2019-02-09 19:00:00,50.98,0.05098,2019-02-09,5,19,5,32
812,955,2019-02-09 20:00:00,50.01,0.05001,2019-02-09,5,20,5,32
813,956,2019-02-09 21:00:00,52.01,0.05201,2019-02-09,5,21,5,32
814,957,2019-02-09 22:00:00,43.6,0.0436,2019-02-09,5,22,5,32
815,958,2019-02-09 23:00:00,46.3,0.046299999999999994,2019-02-09,5,23,5,32
816,959,2019-02-10 00:00:00,46.18,0.04618,2019-02-10,6,0,6,33
817,960,2019-02-10 01:00:00,45.55,0.04555,2019-02-10,6,1,6,33
818,961,2019-02-10 02:00:00,44.6,0.0446,2019-02-10,6,2,6,33
819,962,2019-02-10 03:00:00,44.6,0.0446,2019-02-10,6,3,6,33
820,963,2019-02-10 04:00:00,40.0,0.04,2019-02-10,6,4,6,33
821,964,2019-02-10 05:00:00,37.2,0.037200000000000004,2019-02-10,6,5,6,33
822,965,2019-02-10 06:00:00,37.1,0.0371,2019-02-10,6,6,6,33
823,966,2019-02-10 07:00:00,50.0,0.05,2019-02-10,6,7,6,33
824,967,2019-02-10 08:00:00,45.21,0.04521,2019-02-10,6,8,6,33
825,968,2019-02-10 09:00:00,45.0,0.045,2019-02-10,6,9,6,33
826,969,2019-02-10 10:00:00,48.85,0.048850000000000005,2019-02-10,6,10,6,33
827,970,2019-02-10 11:00:00,49.29,0.04929,2019-02-10,6,11,6,33
828,971,2019-02-10 12:00:00,50.0,0.05,2019-02-10,6,12,6,33
829,972,2019-02-10 13:00:00,54.9,0.0549,2019-02-10,6,13,6,33
830,973,2019-02-10 14:00:00,44.6,0.0446,2019-02-10,6,14,6,33
831,974,2019-02-10 15:00:00,45.4,0.045399999999999996,2019-02-10,6,15,6,33
832,975,2019-02-10 16:00:00,44.6,0.0446,2019-02-10,6,16,6,33
833,976,2019-02-10 17:00:00,46.67,0.04667,2019-02-10,6,17,6,33
834,977,2019-02-10 18:00:00,51.05,0.05105,2019-02-10,6,18,6,33
835,978,2019-02-10 19:00:00,51.37,0.05137,2019-02-10,6,19,6,33
836,979,2019-02-10 20:00:00,51.12,0.05112,2019-02-10,6,20,6,33
837,980,2019-02-10 21:00:00,49.73,0.049729999999999996,2019-02-10,6,21,6,33
838,981,2019-02-10 22:00:00,45.74,0.04574,2019-02-10,6,22,6,33
839,982,2019-02-10 23:00:00,44.3,0.0443,2019-02-10,6,23,6,33
840,983,2019-02-11 00:00:00,44.6,0.0446,2019-02-11,0,0,0,34
841,984,2019-02-11 01:00:00,42.59,0.04259,2019-02-11,0,1,0,34
842,985,2019-02-11 02:00:00,41.4,0.0414,2019-02-11,0,2,0,34
843,986,2019-02-11 03:00:00,39.8,0.039799999999999995,2019-02-11,0,3,0,34
844,987,2019-02-11 04:00:00,39.8,0.039799999999999995,2019-02-11,0,4,0,34
845,988,2019-02-11 05:00:00,41.6,0.0416,2019-02-11,0,5,0,34
846,989,2019-02-11 06:00:00,45.03,0.04503,2019-02-11,0,6,0,34
847,990,2019-02-11 07:00:00,57.63,0.05763,2019-02-11,0,7,0,34
848,991,2019-02-11 08:00:00,70.59,0.07059,2019-02-11,0,8,0,34
849,992,2019-02-11 09:00:00,65.0,0.065,2019-02-11,0,9,0,34
850,993,2019-02-11 10:00:00,71.21,0.07121,2019-02-11,0,10,0,34
851,994,2019-02-11 11:00:00,71.21,0.07121,2019-02-11,0,11,0,34
852,995,2019-02-11 12:00:00,58.43,0.05843,2019-02-11,0,12,0,34
853,996,2019-02-11 13:00:00,49.9,0.0499,2019-02-11,0,13,0,34
854,997,2019-02-11 14:00:00,41.7,0.0417,2019-02-11,0,14,0,34
855,998,2019-02-11 15:00:00,49.81,0.04981,2019-02-11,0,15,0,34
856,999,2019-02-11 16:00:00,47.0,0.047,2019-02-11,0,16,0,34
857,1000,2019-02-11 17:00:00,57.83,0.05783,2019-02-11,0,17,0,34
858,1001,2019-02-11 18:00:00,74.0,0.074,2019-02-11,0,18,0,34
859,1002,2019-02-11 19:00:00,85.23,0.08523,2019-02-11,0,19,0,34
860,1003,2019-02-11 20:00:00,94.31,0.09431,2019-02-11,0,20,0,34
861,1004,2019-02-11 21:00:00,79.9,0.0799,2019-02-11,0,21,0,34
862,1005,2019-02-11 22:00:00,60.26,0.06026,2019-02-11,0,22,0,34
863,1006,2019-02-11 23:00:00,45.0,0.045,2019-02-11,0,23,0,34
864,1007,2019-02-12 00:00:00,39.8,0.039799999999999995,2019-02-12,1,0,1,35
865,1008,2019-02-12 01:00:00,40.3,0.040299999999999996,2019-02-12,1,1,1,35
866,1009,2019-02-12 02:00:00,37.0,0.037,2019-02-12,1,2,1,35
867,1010,2019-02-12 03:00:00,37.32,0.03732,2019-02-12,1,3,1,35
868,1011,2019-02-12 04:00:00,37.4,0.037399999999999996,2019-02-12,1,4,1,35
869,1012,2019-02-12 05:00:00,37.3,0.0373,2019-02-12,1,5,1,35
870,1013,2019-02-12 06:00:00,40.02,0.04002,2019-02-12,1,6,1,35
871,1014,2019-02-12 07:00:00,46.5,0.0465,2019-02-12,1,7,1,35
872,1015,2019-02-12 08:00:00,61.22,0.06122,2019-02-12,1,8,1,35
873,1016,2019-02-12 09:00:00,64.8,0.0648,2019-02-12,1,9,1,35
874,1017,2019-02-12 10:00:00,64.74,0.06473999999999999,2019-02-12,1,10,1,35
875,1018,2019-02-12 11:00:00,60.28,0.06028,2019-02-12,1,11,1,35
876,1019,2019-02-12 12:00:00,60.49,0.06049,2019-02-12,1,12,1,35
877,1020,2019-02-12 13:00:00,53.82,0.05382,2019-02-12,1,13,1,35
878,1021,2019-02-12 14:00:00,49.98,0.04998,2019-02-12,1,14,1,35
879,1022,2019-02-12 15:00:00,49.98,0.04998,2019-02-12,1,15,1,35
880,1023,2019-02-12 16:00:00,50.17,0.05017,2019-02-12,1,16,1,35
881,1024,2019-02-12 17:00:00,52.84,0.052840000000000005,2019-02-12,1,17,1,35
882,1025,2019-02-12 18:00:00,56.92,0.05692,2019-02-12,1,18,1,35
883,1026,2019-02-12 19:00:00,60.47,0.060469999999999996,2019-02-12,1,19,1,35
884,1027,2019-02-12 20:00:00,51.27,0.05127,2019-02-12,1,20,1,35
885,1028,2019-02-12 21:00:00,45.96,0.04596,2019-02-12,1,21,1,35
886,1029,2019-02-12 22:00:00,41.6,0.0416,2019-02-12,1,22,1,35
887,1030,2019-02-12 23:00:00,44.9,0.044899999999999995,2019-02-12,1,23,1,35
888,1031,2019-02-13 00:00:00,40.2,0.0402,2019-02-13,2,0,2,36
889,1032,2019-02-13 01:00:00,39.9,0.0399,2019-02-13,2,1,2,36
890,1033,2019-02-13 02:00:00,37.6,0.0376,2019-02-13,2,2,2,36
891,1034,2019-02-13 03:00:00,36.3,0.0363,2019-02-13,2,3,2,36
892,1035,2019-02-13 04:00:00,36.0,0.036,2019-02-13,2,4,2,36
893,1036,2019-02-13 05:00:00,37.58,0.037579999999999995,2019-02-13,2,5,2,36
894,1037,2019-02-13 06:00:00,37.18,0.03718,2019-02-13,2,6,2,36
895,1038,2019-02-13 07:00:00,45.62,0.04562,2019-02-13,2,7,2,36
896,1039,2019-02-13 08:00:00,52.9,0.052899999999999996,2019-02-13,2,8,2,36
897,1040,2019-02-13 09:00:00,64.85,0.06484999999999999,2019-02-13,2,9,2,36
898,1041,2019-02-13 10:00:00,62.97,0.06297,2019-02-13,2,10,2,36
899,1042,2019-02-13 11:00:00,50.0,0.05,2019-02-13,2,11,2,36
900,1043,2019-02-13 12:00:00,48.63,0.04863,2019-02-13,2,12,2,36
901,1044,2019-02-13 13:00:00,48.49,0.048490000000000005,2019-02-13,2,13,2,36
902,1045,2019-02-13 14:00:00,47.6,0.0476,2019-02-13,2,14,2,36
903,1046,2019-02-13 15:00:00,46.3,0.046299999999999994,2019-02-13,2,15,2,36
904,1047,2019-02-13 16:00:00,46.82,0.04682,2019-02-13,2,16,2,36
905,1048,2019-02-13 17:00:00,49.71,0.049710000000000004,2019-02-13,2,17,2,36
906,1049,2019-02-13 18:00:00,53.94,0.053939999999999995,2019-02-13,2,18,2,36
907,1050,2019-02-13 19:00:00,56.55,0.056549999999999996,2019-02-13,2,19,2,36
908,1051,2019-02-13 20:00:00,54.34,0.054340000000000006,2019-02-13,2,20,2,36
909,1052,2019-02-13 21:00:00,50.13,0.05013,2019-02-13,2,21,2,36
910,1053,2019-02-13 22:00:00,46.76,0.046759999999999996,2019-02-13,2,22,2,36
911,1054,2019-02-13 23:00:00,44.5,0.0445,2019-02-13,2,23,2,36
912,1055,2019-02-14 00:00:00,42.85,0.04285,2019-02-14,3,0,3,37
913,1056,2019-02-14 01:00:00,38.6,0.0386,2019-02-14,3,1,3,37
914,1057,2019-02-14 02:00:00,39.15,0.03915,2019-02-14,3,2,3,37
915,1058,2019-02-14 03:00:00,38.6,0.0386,2019-02-14,3,3,3,37
916,1059,2019-02-14 04:00:00,39.0,0.039,2019-02-14,3,4,3,37
917,1060,2019-02-14 05:00:00,38.47,0.03847,2019-02-14,3,5,3,37
918,1061,2019-02-14 06:00:00,43.04,0.04304,2019-02-14,3,6,3,37
919,1062,2019-02-14 07:00:00,47.9,0.0479,2019-02-14,3,7,3,37
920,1063,2019-02-14 08:00:00,60.73,0.06073,2019-02-14,3,8,3,37
921,1064,2019-02-14 09:00:00,63.67,0.06367,2019-02-14,3,9,3,37
922,1065,2019-02-14 10:00:00,65.25,0.06525,2019-02-14,3,10,3,37
923,1066,2019-02-14 11:00:00,58.0,0.058,2019-02-14,3,11,3,37
924,1067,2019-02-14 12:00:00,46.12,0.046119999999999994,2019-02-14,3,12,3,37
925,1068,2019-02-14 13:00:00,44.0,0.044,2019-02-14,3,13,3,37
926,1069,2019-02-14 14:00:00,44.65,0.044649999999999995,2019-02-14,3,14,3,37
927,1070,2019-02-14 15:00:00,44.62,0.04462,2019-02-14,3,15,3,37
928,1071,2019-02-14 16:00:00,47.12,0.047119999999999995,2019-02-14,3,16,3,37
929,1072,2019-02-14 17:00:00,52.39,0.05239,2019-02-14,3,17,3,37
930,1073,2019-02-14 18:00:00,55.63,0.055630000000000006,2019-02-14,3,18,3,37
931,1074,2019-02-14 19:00:00,60.2,0.060200000000000004,2019-02-14,3,19,3,37
932,1075,2019-02-14 20:00:00,61.93,0.06193,2019-02-14,3,20,3,37
933,1076,2019-02-14 21:00:00,54.97,0.05497,2019-02-14,3,21,3,37
934,1077,2019-02-14 22:00:00,49.69,0.04969,2019-02-14,3,22,3,37
935,1078,2019-02-14 23:00:00,47.39,0.04739,2019-02-14,3,23,3,37
936,1079,2019-02-15 00:00:00,41.51,0.04151,2019-02-15,4,0,4,38
937,1080,2019-02-15 01:00:00,42.3,0.0423,2019-02-15,4,1,4,38
938,1081,2019-02-15 02:00:00,42.19,0.04219,2019-02-15,4,2,4,38
939,1082,2019-02-15 03:00:00,41.72,0.04172,2019-02-15,4,3,4,38
940,1083,2019-02-15 04:00:00,40.19,0.04019,2019-02-15,4,4,4,38
941,1084,2019-02-15 05:00:00,41.1,0.041100000000000005,2019-02-15,4,5,4,38
942,1085,2019-02-15 06:00:00,43.67,0.04367,2019-02-15,4,6,4,38
943,1086,2019-02-15 07:00:00,52.98,0.05298,2019-02-15,4,7,4,38
944,1087,2019-02-15 08:00:00,59.98,0.05998,2019-02-15,4,8,4,38
945,1088,2019-02-15 09:00:00,61.73,0.06173,2019-02-15,4,9,4,38
946,1089,2019-02-15 10:00:00,57.4,0.0574,2019-02-15,4,10,4,38
947,1090,2019-02-15 11:00:00,50.25,0.05025,2019-02-15,4,11,4,38
948,1091,2019-02-15 12:00:00,40.84,0.04084,2019-02-15,4,12,4,38
949,1092,2019-02-15 13:00:00,41.05,0.041049999999999996,2019-02-15,4,13,4,38
950,1093,2019-02-15 14:00:00,41.0,0.041,2019-02-15,4,14,4,38
951,1094,2019-02-15 15:00:00,42.52,0.04252,2019-02-15,4,15,4,38
952,1095,2019-02-15 16:00:00,44.41,0.04441,2019-02-15,4,16,4,38
953,1096,2019-02-15 17:00:00,48.18,0.04818,2019-02-15,4,17,4,38
954,1097,2019-02-15 18:00:00,53.61,0.05361,2019-02-15,4,18,4,38
955,1098,2019-02-15 19:00:00,56.54,0.05654,2019-02-15,4,19,4,38
956,1099,2019-02-15 20:00:00,55.49,0.055490000000000005,2019-02-15,4,20,4,38
957,1100,2019-02-15 21:00:00,49.9,0.0499,2019-02-15,4,21,4,38
958,1101,2019-02-15 22:00:00,41.15,0.04115,2019-02-15,4,22,4,38
959,1102,2019-02-15 23:00:00,45.86,0.04586,2019-02-15,4,23,4,38
960,1103,2019-02-16 00:00:00,41.93,0.04193,2019-02-16,5,0,5,39
961,1104,2019-02-16 01:00:00,41.17,0.04117,2019-02-16,5,1,5,39
962,1105,2019-02-16 02:00:00,39.79,0.03979,2019-02-16,5,2,5,39
963,1106,2019-02-16 03:00:00,36.0,0.036,2019-02-16,5,3,5,39
964,1107,2019-02-16 04:00:00,36.29,0.036289999999999996,2019-02-16,5,4,5,39
965,1108,2019-02-16 05:00:00,36.52,0.036520000000000004,2019-02-16,5,5,5,39
966,1109,2019-02-16 06:00:00,40.0,0.04,2019-02-16,5,6,5,39
967,1110,2019-02-16 07:00:00,43.1,0.0431,2019-02-16,5,7,5,39
968,1111,2019-02-16 08:00:00,45.0,0.045,2019-02-16,5,8,5,39
969,1112,2019-02-16 09:00:00,50.34,0.05034,2019-02-16,5,9,5,39
970,1113,2019-02-16 10:00:00,55.07,0.05507,2019-02-16,5,10,5,39
971,1114,2019-02-16 11:00:00,57.73,0.05773,2019-02-16,5,11,5,39
972,1115,2019-02-16 12:00:00,38.8,0.038799999999999994,2019-02-16,5,12,5,39
973,1116,2019-02-16 13:00:00,35.62,0.03562,2019-02-16,5,13,5,39
974,1117,2019-02-16 14:00:00,36.0,0.036,2019-02-16,5,14,5,39
975,1118,2019-02-16 15:00:00,37.21,0.03721,2019-02-16,5,15,5,39
976,1119,2019-02-16 16:00:00,39.61,0.03961,2019-02-16,5,16,5,39
977,1120,2019-02-16 17:00:00,42.11,0.04211,2019-02-16,5,17,5,39
978,1121,2019-02-16 18:00:00,46.83,0.04683,2019-02-16,5,18,5,39
979,1122,2019-02-16 19:00:00,53.13,0.053130000000000004,2019-02-16,5,19,5,39
980,1123,2019-02-16 20:00:00,75.92,0.07592,2019-02-16,5,20,5,39
981,1124,2019-02-16 21:00:00,46.47,0.04647,2019-02-16,5,21,5,39
982,1125,2019-02-16 22:00:00,40.67,0.040670000000000005,2019-02-16,5,22,5,39
983,1126,2019-02-16 23:00:00,42.33,0.04233,2019-02-16,5,23,5,39
984,1127,2019-02-17 00:00:00,40.7,0.0407,2019-02-17,6,0,6,40
985,1128,2019-02-17 01:00:00,39.0,0.039,2019-02-17,6,1,6,40
986,1129,2019-02-17 02:00:00,39.97,0.03997,2019-02-17,6,2,6,40
987,1130,2019-02-17 03:00:00,37.24,0.03724,2019-02-17,6,3,6,40
988,1131,2019-02-17 04:00:00,36.27,0.036270000000000004,2019-02-17,6,4,6,40
989,1132,2019-02-17 05:00:00,36.13,0.03613,2019-02-17,6,5,6,40
990,1133,2019-02-17 06:00:00,36.74,0.03674,2019-02-17,6,6,6,40
991,1134,2019-02-17 07:00:00,36.52,0.036520000000000004,2019-02-17,6,7,6,40
992,1135,2019-02-17 08:00:00,38.82,0.03882,2019-02-17,6,8,6,40
993,1136,2019-02-17 09:00:00,40.0,0.04,2019-02-17,6,9,6,40
994,1137,2019-02-17 10:00:00,38.88,0.038880000000000005,2019-02-17,6,10,6,40
995,1138,2019-02-17 11:00:00,36.91,0.03691,2019-02-17,6,11,6,40
996,1139,2019-02-17 12:00:00,36.5,0.0365,2019-02-17,6,12,6,40
997,1140,2019-02-17 13:00:00,37.41,0.03741,2019-02-17,6,13,6,40
998,1141,2019-02-17 14:00:00,35.09,0.03509,2019-02-17,6,14,6,40
999,1142,2019-02-17 15:00:00,35.12,0.03512,2019-02-17,6,15,6,40
1000,1143,2019-02-17 16:00:00,36.27,0.036270000000000004,2019-02-17,6,16,6,40
1001,1144,2019-02-17 17:00:00,39.36,0.03936,2019-02-17,6,17,6,40
1002,1145,2019-02-17 18:00:00,44.03,0.04403,2019-02-17,6,18,6,40
1003,1146,2019-02-17 19:00:00,49.6,0.0496,2019-02-17,6,19,6,40
1004,1147,2019-02-17 20:00:00,50.07,0.05007,2019-02-17,6,20,6,40
1005,1148,2019-02-17 21:00:00,46.15,0.04615,2019-02-17,6,21,6,40
1006,1149,2019-02-17 22:00:00,40.0,0.04,2019-02-17,6,22,6,40
1007,1150,2019-02-17 23:00:00,42.83,0.04283,2019-02-17,6,23,6,40
